"zona","nome_zona","cod_municipio","nome_municipio","cod_distrito","nome_distrito","area_ha","utm_x","utm_y","area_m2_geom","nome_zona_tab","domicilios","familias","populacao","matriculas_escolares","empregos","automoveis_particulares","viagens_produzidas","viagens_atraidas","area_ha_tab","renda_total","renda_media_familiar","renda_per_capita","renda_mediana_familiar"
1,"Sé",36,"São Paulo",80,"Sé",57.1,333248.369846536,7394779.16524597,569663.586425781,"Sé",1151,1151,3262.00094948746,6363.21771538908,71852.3135318113,325.532915875508,160502.925215666,160157.486349438,57.1,3757211.53946515,3264.30194566912,1151.81190859417,2884.19179697777
2,"Parque Dom Pedro",36,"São Paulo",80,"Sé",113.64,333667.401692682,7395305.51856153,1133693.12182617,"Parque Dom Pedro",2342,2342,5695.00076238394,1433.31851561969,51853.7373113509,890.697572357276,137231.73543004,138306.410673822,113.64,7270944.75163794,3104.5878529624,1276.72410505426,2884.19179697777
3,"Praça João Mendes",36,"São Paulo",80,"Sé",47.75,333390.619954508,7394200.103785,476395.732177734,"Praça João Mendes",7100,7100,17130.0009803903,2398.53140278149,18547.3468335027,1166.00630920349,62970.9909817022,62502.8370368456,47.75,27827234.56239,3919.32881160423,1624.47361177885,3400
4,"Ladeira da Memória",36,"São Paulo",67,"República",75.11,332449.198805268,7394473.10440951,749317.140136719,"Ladeira da Memória",12588,12588,24088.9988800537,1126.74369105491,22553.9406036192,3400.88513693558,78183.9689439439,78285.562274735,75.11,65571510.6289716,5209.04914434156,2722.05212659404,3579.57730072334
5,"República",36,"São Paulo",67,"República",74.95,332321.412898694,7395260.93901752,747750.760742188,"República",8049.99999999999,8049.99999999999,14955.9998802143,1726.85247365992,89486.6554947104,1737.2514752505,186219.616198207,187152.743514786,74.95,34199116.7500479,4248.337484478,2286.64863760068,3500
6,"Santa Ifigênia",36,"São Paulo",67,"República",82.93,332757.083712344,7395856.28216274,827314.415771484,"Santa Ifigênia",9411,9411,21989.0005914764,2039.10945147948,38371.9222721626,1445.11308979983,109791.172946928,109350.517653356,82.93,25210174.5841227,2678.79870195758,1146.49024084773,2323.8951481989
7,"Luz",36,"São Paulo",9,"Bom Retiro",154.6,333156.153757324,7396716.11825878,1542273.73950195,"Luz",6342,6342,18209.9957504445,6873.47330782277,35047.9109600321,2400.90882061722,93161.0150792322,93680.5365105099,154.6,26804908.780961,4226.57029028083,1471.98874444036,3987.82002130741
8,"Bom Retiro",36,"São Paulo",9,"Bom Retiro",143.01,332104.977290049,7397746.29916278,1426645.10595703,"Bom Retiro",3834,4110.69886363636,12251.9977375263,3280.27097219311,15080.1571894508,1747.86679148487,40222.7057629595,40169.9964993743,143.01,13815269.5568516,3360.80798305681,1127.59321808697,2800
9,"Ponte Pequena",36,"São Paulo",9,"Bom Retiro",129.78,333542.572856953,7397526.60485192,1294644.75097656,"Ponte Pequena",2267,2267,7456.00014202449,6413.18473061895,16492.381602722,486.551737064903,36268.811627848,36521.8767485495,129.78,7670743.17408973,3383.65380418603,1028.80137177773,2500
10,"Canindé",36,"São Paulo",57,"Pari",82.61,334505.366513527,7397631.36457654,824160.696777344,"Canindé",467,467,1619.00021704519,7047.86518514606,6712.7648473094,134.030851847507,23889.9593183515,24030.4551172324,82.61,1026508.73405767,2198.09150761814,634.03866364585,2323.8951481989
11,"Bom Jardim",36,"São Paulo",57,"Pari",49.85,335554.765265837,7397464.07094645,497324.534179688,"Bom Jardim",932,932,2712.99999493744,1471.39356174026,3901.41057859686,488.485544428841,11403.0406719522,11380.7955705123,49.85,3239452.49020205,3475.80739292066,1194.04810034906,3000
12,"Pari",36,"São Paulo",57,"Pari",140.16,334910.157610877,7396847.21669098,1398204.69946289,"Pari",4741,4741,14380.99909466,1928.33950452516,21067.9593723246,2084.80620212964,46135.8333399882,44923.8245121851,140.16,16593523.8797886,3500.00503686746,1153.85056146414,2588.93015036554
13,"João Teodoro",36,"São Paulo",10,"Brás",39.32,334498.970249156,7396053.31599291,392247.704833984,"João Teodoro",423,423,1435.00004442857,265.727833039873,9281.37868477225,102.789167833719,25130.7683332723,24561.5572498803,39.32,1155116.9238223,2730.77286955627,804.959503873939,2550
14,"Oriente",36,"São Paulo",10,"Brás",69.88,335260.494555099,7395993.2631291,697091.225830078,"Oriente",1104,1104,3337.00098648564,1959.23495407147,27938.66378959,329.078832669604,66495.6297183525,66780.2655861709,69.88,3254030.50922804,2947.49140328627,975.136214345273,2732.57590976586
15,"Bresser",36,"São Paulo",10,"Brás",76.98,335557.443736449,7395355.55981412,767986.536132812,"Bresser",3148,3247.2,8427.00210609025,162.277594973939,14171.3452496039,896.94262656296,36166.7753017398,36241.3231691503,76.98,8881358.73344993,2735.08214259976,1053.91675730463,2500
16,"Brás",36,"São Paulo",10,"Brás",109.08,334790.746946082,7394668.92633446,1088194.87158203,"Brás",4589,4589,12116.9980475782,3420.18083723427,18484.3078613684,2245.813493204,48646.569966727,48197.1826855381,109.08,14719348.5417279,3207.52855561732,1214.76858244355,3044.22003137203
17,"Gasômetro",36,"São Paulo",10,"Brás",69.35,334300.052892534,7395485.70424808,691791.002197266,"Gasômetro",2411,2430.06849315068,6980.00032056881,5503.78656160021,9360.81620665758,596.702838035647,31624.5876093322,31507.2345107916,69.35,7399419.85947477,3044.9429225269,1060.0887563959,3000
18,"Independência",36,"São Paulo",14,"Cambuci",253.75,335156.26431768,7393509.77972175,2531369.29174805,"Independência",6592,6592,19240.0040157053,3762.03889303939,24089.5241975995,3672.2480467541,74507.0207455928,73237.6552431976,253.75,33426648.8393656,5070.79017587463,1737.35144816394,3778.18872313733
19,"Cambuci",36,"São Paulo",14,"Cambuci",140.43,334729.937383379,7392318.98116754,1400936.22680664,"Cambuci",7490,7490,20732.0001369099,4590.20707759745,16447.8651478657,5234.65784465197,57680.3391529476,57902.8270297747,140.43,39806786.5520846,5314.6577506121,1920.06493773918,4949.29291547114
20,"Glicério",36,"São Paulo",49,"Liberdade",108.02,333955.349470539,7393106.59853182,1077582.91088867,"Glicério",9041.99999999999,9041.99999999999,23063.0048026259,3613.51053197724,8158.92407898135,6862.36186096597,47082.808230373,46029.6808153663,108.02,53798444.4764669,5949.83902637326,2332.67282112093,4800
21,"Aclimação",36,"São Paulo",49,"Liberdade",113.62,333611.048842279,7392113.93347468,1133526.69970703,"Aclimação",7403.99999999999,7403.99999999999,18690.9985200016,3860.25715254824,9685.04590926082,5516.60338040632,44430.9083319868,44317.6670787425,113.62,43730165.3534374,5906.2892157533,2339.63773024971,6142.57921176239
22,"Pires da Mota",36,"São Paulo",49,"Liberdade",50.03,333121.294801267,7392702.10793825,499114.130126953,"Pires da Mota",5996,5996,13623.0014305453,4512.95982871584,8424.70607720474,3262.65383629834,37043.1679686389,37238.8669539018,50.03,32541949.5075393,5427.27643554692,2388.75035530527,4000
23,"Centro Cultural",36,"São Paulo",49,"Liberdade",33.24,332750.174619674,7392721.17833071,331643.9140625,"Centro Cultural",2553,2553,5331.99973540928,33075.5021516183,17914.6498660485,1278.67148606594,74016.1091940339,73687.6371263641,33.24,10538207.0915907,4127.77402725839,1976.40802973179,3579.57730072334
24,"Liberdade",36,"São Paulo",49,"Liberdade",59.49,333123.091799171,7393566.24185599,593503.744873047,"Liberdade",5364,5364,11423.0039054383,53167.8770639167,17996.0499665112,1658.94097552981,89697.8548479359,89533.8500472604,59.49,19459947.9972374,3627.879939828,1703.57536059082,3213.12736868523
25,"Treze de Maio",36,"São Paulo",7,"Bela Vista",42.85,331799.93954068,7394063.30487408,427451.212158203,"Treze de Maio",7996,7996,18401.0019927437,4010.21973794377,12141.8927689262,2582.2160582339,40630.1923991247,40829.2974546478,42.85,29020380.833899,3629.36228538006,1577.10872730425,3044.22003137203
26,"Bexiga",36,"São Paulo",7,"Bela Vista",51.76,332417.29014875,7393724.5525873,516341.565185547,"Bexiga",6374.99999999999,6493.77777777777,14280.9986101855,8563.59247740903,13420.4462709201,2564.19972165534,54507.5587166553,54680.5144826318,51.76,28488739.1942901,4387.08255336067,1994.87024485608,4209.08262865571
27,"Bela Vista",36,"São Paulo",7,"Bela Vista",93.8,332172.961225636,7392916.45172426,935800.988769531,"Bela Vista",7635.99999999999,7635.99999999999,17536.002295964,12922.3388493189,44855.2218668342,6619.56453574129,117797.397259818,120314.561701102,93.8,59604484.1542658,7805.72081643083,3398.97789406563,6000
28,"São Carlos do Pinhal",36,"São Paulo",7,"Bela Vista",31.03,331578.046383427,7393199.18586863,309567.870849609,"São Carlos do Pinhal",4411,4411,9068.00210870882,8922.06404018016,28432.5018514171,2737.50554028993,76171.4005947936,76771.9316302784,31.03,23630675.9907901,5357.21514187036,2605.94072514556,4689.11901259924
29,"Masp",36,"São Paulo",7,"Bela Vista",57.27,331201.291122044,7393702.82136508,571296.324951172,"Masp",7089.00000000002,7089.00000000002,13250.9986012656,4904.03716675387,45410.7775516175,2916.1155041797,94937.8385329773,94788.1025737376,57.27,42453060.0826224,5988.58232227709,3203.76307930239,4949.29291547114
30,"Higienópolis",36,"São Paulo",26,"Consolação",67.81,330949.395032523,7395142.05797073,676470.360107422,"Higienópolis",9038.00000000002,9196.69565217393,19455.0027879178,3795.6801512908,18582.816649134,7884.46937780883,63114.9723795886,62730.4159461319,67.81,85293762.3664572,9274.3921939284,4384.15575141565,6843.12652172168
31,"Vila Buarque",36,"São Paulo",26,"Consolação",89.58,331421.954270072,7394773.41236044,893659.893554688,"Vila Buarque",11259,11259,20033.994861971,37088.2997890219,27102.271243959,5013.88345575712,119031.885626676,119388.307284347,89.58,50023392.7984837,4442.96942876665,2496.92550802433,3800
32,"Consolação",36,"São Paulo",26,"Consolação",57.23,330562.17762315,7394116.64964359,570983.278808594,"Consolação",4589.99999999999,4589.99999999999,8555.99942142811,15091.1197007669,48236.822235074,2586.56620324618,112133.39109416,112551.626866426,57.23,26142654.8328093,5695.56750170138,3055.47646103577,4949.29291547114
33,"Pacaembu",36,"São Paulo",26,"Consolação",90.45,329697.22083607,7394534.8118992,902383.392822266,"Pacaembu",587,587,1838.99955727778,541.168018331514,3126.45609085069,865.204952247187,6929.11468532387,6926.53873169867,90.45,6887274.97504053,11733.0067717897,3745.12051826461,11000
34,"FAAP",36,"São Paulo",26,"Consolação",74.45,330301.2635101,7395239.61720401,742700.589111328,"FAAP",3191.00000000001,3191.00000000001,7555.99791254476,5442.67402036555,9964.86590085927,3655.32687382922,31857.1546608514,32882.9111497991,74.45,40305292.1618018,12630.9282863684,5334.21165917547,9000
35,"Santa Cecília",36,"São Paulo",70,"Santa Cecília",144.09,331798.304207382,7396245.45652394,1437516.36962891,"Santa Cecília",19105,19105,40031.9963352935,8462.3148963477,35793.4421377338,6480.66909141831,114334.897561161,112257.453871313,144.09,74485828.2851488,3898.76096755555,1860.65735171643,3044.22003137203
36,"Marechal Deodoro",36,"São Paulo",70,"Santa Cecília",142.2,330905.113112394,7396504.20362174,1418666.34985352,"Marechal Deodoro",18909,19000.5949367089,43094.0139597799,11004.0963703987,33133.339432968,11358.6978971301,112647.964524153,112541.73648927,142.2,104784972.835301,5514.82588752304,2431.54357663453,4442.62190374453
37,"Rudge",36,"São Paulo",70,"Santa Cecília",84.73,331123.494849647,7397529.00205554,845311.935546875,"Rudge",1525,1525,4606.99991492639,2543.82612819568,19019.623289519,1119.01831438554,33774.4586404895,33550.8453173582,84.73,8495747.28937515,5570.98182909846,1844.09538664185,5000
38,"Catumbi",36,"São Paulo",8,"Belém",81.44,336278.289285137,7397049.91008036,812408.378662109,"Catumbi",1074,1095.48,3785.99994591428,2262.99762603832,5130.04668804148,747.183332253428,12175.1592676959,12154.3661906421,81.44,5112686.85964432,4667.07457885522,1350.41915813067,4000
39,"Belém",36,"São Paulo",8,"Belém",160.71,337401.322389024,7396619.48299524,1603168.28930664,"Belém",3087,3087,9356.99732556011,3216.08261921129,8951.50929275806,2038.88726588319,27108.1335461653,25581.6962963743,160.71,13688674.1892115,4434.29678950809,1462.93449842277,3579.57730072334
40,"Quarta Parada",36,"São Paulo",8,"Belém",127.4,338216.69237234,7395079.00655123,1270948.60644531,"Quarta Parada",2593,2593,7877.99920175693,5999.40094889296,17654.4841923173,1380.81449358916,42265.5204977623,42954.454999085,127.4,9397374.4755597,3624.13207696093,1192.86309060097,3000
41,"Belenzinho",36,"São Paulo",8,"Belém",180.11,337237.103430629,7395752.09265948,1796757.90722656,"Belenzinho",7268,7452.44444444444,22050.9955746992,7724.28650637864,24408.4283477385,4258.33614312507,81301.1805694277,80983.9974073948,180.11,27707413.3802192,3717.89599865776,1256.51530273808,3200
42,"Celso Garcia",36,"São Paulo",8,"Belém",63.89,336086.889897531,7396287.35079011,637320.491943359,"Celso Garcia",1537,1537,5328.00094634641,384.773664785768,8744.56763349314,430.731972483676,29354.7494783673,29251.6520328532,63.89,5933452.86549304,3860.41175373652,1113.63585052698,2900
43,"Mooca",36,"São Paulo",54,"Mooca",271.79,336952.628978083,7394593.42246792,2711340.18286133,"Mooca",10102,10102,27958.0039758862,37811.9515412206,23691.9569539645,8922.12590204116,109331.654403764,110111.540641334,271.79,54218690.7072462,5367.12440182599,1939.29047130867,5000
44,"Alto da Mooca",36,"São Paulo",54,"Mooca",141.65,337751.784831893,7392982.73319677,1413110.18579102,"Alto da Mooca",6583,6583,18349.9985520571,4063.73857553279,18042.3925617189,4607.44184556798,60317.1510665207,61150.6853235929,141.65,34154470.5113206,5188.28353506313,1861.27919380636,4100
45,"Parque da Mooca",36,"São Paulo",54,"Mooca",381.42,336961.033819849,7392775.62030647,3804980.83666992,"Parque da Mooca",11979,11979,33270.99908203,5702.54986578813,33481.7633149753,12165.649795325,98719.8375145623,97368.9257545074,381.42,59888652.1328564,4999.47008371787,1800.02566154387,4860
46,"Água Rasa",36,"São Paulo",1,"Água Rasa",315.81,340313.851118385,7392211.167032,3150406.97412109,"Água Rasa",12267,12882.6774193548,36269.9959169132,9681.77249255397,16581.9128616667,7618.61987530193,71849.869596163,70872.7056393425,315.81,54927686.4266065,4263.68561740773,1514.41115550258,3391.40646241033
47,"Vila Bertioga",36,"São Paulo",1,"Água Rasa",195.28,338908.688003953,7392848.68340048,1948027.83154297,"Vila Bertioga",8194,8194,23003.0054516513,2050.27368409299,11976.5695346206,9051.89584274211,43442.2832863178,43354.700973999,195.28,36475655.7046041,4451.50789658337,1585.6908690158,3500
48,"Regente Feijó",36,"São Paulo",1,"Água Rasa",203.96,339177.506617757,7393857.80196529,2034639.97485352,"Regente Feijó",8524,8524,23924.0026197963,5797.65826524731,14867.2366784542,6105.38600338408,49161.1353726439,48901.5462740856,203.96,35954113.472708,4217.98609487424,1502.84691253784,4000
49,"Ana Rosa",36,"São Paulo",92,"Vila Mariana",94.46,333214.56137729,7391448.87390449,942388.072509766,"Ana Rosa",5876,5876,13385.9978159946,6181.50052386016,20009.1518179312,3929.47610406308,60199.370007084,60826.8772028286,94.46,35963758.2317147,6120.44898429454,2686.66996110984,4600
50,"Jardim da Glória",36,"São Paulo",92,"Vila Mariana",88.43,334584.397139302,7391072.84082499,882181.543457031,"Jardim da Glória",3276,3276,8896.00093293942,1651.26760437783,1845.15035455899,3573.71033932483,16801.9938630717,16888.7677773159,88.43,16486345.643824,5032.46204023933,1853.23110553864,4209.08262865571
51,"Chácara Klabin",36,"São Paulo",92,"Vila Mariana",97.57,334130.376182384,7390223.21924803,973390.306152344,"Chácara Klabin",6123,6123,16084.995986186,2587.27020823729,7165.0759120957,4664.4961831579,29960.0250136141,29886.8644214947,97.57,57683133.166379,9420.7305514256,3586.14532548953,7500
52,"Vila Mariana",36,"São Paulo",92,"Vila Mariana",59.61,333514.077224377,7390705.29295987,594702.227050781,"Vila Mariana",4576,4576,10145.002567347,7767.92159053545,14736.1993790806,4789.22360642487,41975.5859977102,40952.2331793822,59.61,45098851.4407894,9855.51823443824,4445.42533542041,7000
53,"Santa Cruz",36,"São Paulo",92,"Vila Mariana",108.52,333677.053070162,7389561.98698112,1082635.58276367,"Santa Cruz",5140,5140,13292.9997298064,9056.47430272787,23051.8355566848,5271.13334538324,65778.1936298573,66980.5228484393,108.52,35196373.1251016,6847.54340955284,2647.73744380525,6483.3977755331
54,"Vila Clementino",36,"São Paulo",92,"Vila Mariana",93.7,332332.995359909,7389492.55861601,934746.388916016,"Vila Clementino",3901.99999999999,3901.99999999999,8714.99997777022,4282.661740503,29724.5015298455,2867.66739597415,89898.1624308346,91571.2069298518,93.7,22957188.8745746,5883.4415362826,2634.21559760558,4689.11901259924
55,"França Pinto",36,"São Paulo",92,"Vila Mariana",112.14,332518.714056578,7390232.51211341,1118692.05419922,"França Pinto",6384.00000000001,6384.00000000001,15517.9988247896,10614.8125305267,15677.571220787,6203.47188529403,50465.5566954177,51186.3845341572,112.14,36108364.3349962,5656.07210761218,2326.86989750985,5223.90246383501
56,"Rodrigues Alves",36,"São Paulo",92,"Vila Mariana",103.55,332307.065329456,7391061.92994538,1033050.0847168,"Rodrigues Alves",9697.00000000001,9895.63333333335,21616.9972273984,9888.34417232228,22142.700747803,5906.60742153948,76852.8886974449,77327.070686373,103.55,66725528.8784521,6742.92656475941,3086.71589196861,6000
57,"Paraíso",36,"São Paulo",92,"Vila Mariana",96.28,331892.278317607,7391960.63496968,960509.822753906,"Paraíso",10462,10462,24334.0030201273,4744.96020035362,45145.3757237507,9244.95904919178,110614.690170078,111325.908109291,96.28,79982747.7320204,7645.07242707133,3286.87177633144,6142.57921176239
58,"Bosque da Saúde",36,"São Paulo",79,"Saúde",169.91,333523.393362772,7388411.39166586,1695060.53051758,"Bosque da Saúde",12094,12094,30779.0032034084,3320.33800149841,16427.7828801758,12205.0500821715,55639.2927492389,55561.9863176658,169.91,68460932.4206309,5660.7352753953,2224.27386514745,4500
59,"Saúde",36,"São Paulo",79,"Saúde",260.81,333185.811887188,7386772.697796,2601918.46728516,"Saúde",20718,20718,52745.0069702669,15869.8518494574,31651.204981442,13546.1547448838,164461.084828426,164995.066650818,260.81,129214200.613882,6236.80860188638,2449.79018936754,4442.62190374453
60,"Planalto Paulista",36,"São Paulo",79,"Saúde",321.66,331714.499546642,7387081.21697076,3208975.65869141,"Planalto Paulista",8102,8316.18816628893,22059.0034028464,4252.06574574834,15387.8404947203,8597.49275586482,69348.0838654492,68317.9135515026,321.66,60733140.8569999,7303.00224605209,2753.21326842731,5513.74861373784
61,"Mirandópolis",36,"São Paulo",79,"Saúde",173.45,332386.460636881,7388501.3246235,1730342.01928711,"Mirandópolis",12065,12065,28099.993287156,13447.7041220193,18734.6594074227,10219.9769303511,76080.7772474884,76112.4572642826,173.45,74799269.9109639,6199.69083389671,2661.89636227256,5223.90246383501
62,"Parque Ibirapuera",36,"São Paulo",53,"Moema",283.7,330997.783901552,7390795.87172898,2830307.62451172,"Parque Ibirapuera",1993,1993,4564.99843656465,652.48516774307,19994.5571742716,2086.18349873749,48736.6096864239,48605.6233963577,283.7,14401170.4276803,7225.87577906685,3154.69339755518,6591.69888776655
63,"Jardim Luzitânia",36,"São Paulo",53,"Moema",103.07,331051.959489794,7389497.62569008,1028307.81469727,"Jardim Luzitânia",635.000000000001,635.000000000001,2098.99938004219,1270.86117764639,12649.8215715906,921.614047962299,38143.8919820542,37065.2031490836,103.07,6326234.42395471,9962.57389599165,3013.92867673337,9461.63045753638
64,"Moema",36,"São Paulo",53,"Moema",175.13,330751.72178814,7388448.53151217,1747151.77685547,"Moema",14875,14875,33385.9873278071,3989.6735882351,41271.7918582712,15218.4687086068,104605.778721491,106168.388723943,175.13,117341373.117353,7888.49567175484,3514.68932055874,6483.3977755331
65,"Vila Helena",36,"São Paulo",53,"Moema",104.82,329783.182964796,7389100.91581833,1045768.05322266,"Vila Helena",11980,11980,26860.0043148595,9629.62689927883,17555.7220309277,15422.9162602216,68331.1638971149,68562.1104652149,104.82,102874682.407387,8587.2022042894,3830.03223683307,7623.56967291839
66,"Bandeirantes",36,"São Paulo",53,"Moema",133.42,329797.163887965,7387928.77918219,1331060.31738281,"Bandeirantes",4813.00000000001,4813.00000000001,10923.0005913726,3580.54742318261,22527.3523351196,5858.31073720306,59938.2290269655,60911.8746636864,133.42,41017462.1198875,8522.22358609753,3755.14601292657,6142.57921176239
67,"Vila Nova Conceição",36,"São Paulo",53,"Moema",112.48,329834.522356641,7390288.38247684,1122164.12402344,"Vila Nova Conceição",4444.99999999999,4444.99999999999,10573.9979500418,1151.1774340413,8764.89735455528,4642.42886022265,32704.7188240196,32633.2507088827,112.48,40838064.6490145,9187.41611901339,3862.12148346907,8046.5604032218
68,"Chácara Itaim",36,"São Paulo",34,"Itaim Bibi",204.01,328563.661551546,7390719.05701031,2035308.28100586,"Chácara Itaim",12783,12783,27460.0063156652,6212.57401787807,73565.5374455541,11339.0814617718,171850.854760467,171155.574918786,204.01,81689559.7018936,6390.48421355655,2974.85582351421,6483.3977755331
69,"Vila Olímpia",36,"São Paulo",34,"Itaim Bibi",89.63,328894.08882407,7389940.71143813,894215.770019531,"Vila Olímpia",4948,4948,10021.002061055,2980.92206967213,23462.6499184849,4451.05680427999,60725.7418433728,60724.5558706778,89.63,44688443.7862631,9031.61758008552,4459.47855453874,8000
70,"Hélio Pelegrino",36,"São Paulo",34,"Itaim Bibi",103.38,328713.985490609,7389030.30638834,1031392.81030273,"Hélio Pelegrino",5369,5369,11703.0008581483,10183.8582115335,20323.9781521743,6417.75591634925,54595.7381658114,55146.4317837357,103.38,36824374.8561314,6858.70271114387,3146.57542133666,5819.67676195421
71,"Brooklin",36,"São Paulo",34,"Itaim Bibi",234.25,328104.951733338,7388049.32478368,2337009.15014648,"Brooklin",11745,11745,28442.9959477499,3257.22761194517,20615.4756726478,12438.796216036,66695.6729984756,66382.4147698322,234.25,85629624.5172861,7290.73005681449,3010.56979632485,6843.12652172168
72,"Vila Cordeiro",36,"São Paulo",34,"Itaim Bibi",176.69,327388.40726808,7386888.63699505,1762763.24951172,"Vila Cordeiro",3919,3919,10091.9975952857,9615.22651111282,24449.5786096067,3855.88795408445,60937.0138736847,61039.9183672032,176.69,28963370.071387,7390.50014579918,2869.93430170026,7222.81467427629
73,"Berrini",36,"São Paulo",34,"Itaim Bibi",197.39,327370.514922503,7388906.24706441,1969334.87011719,"Berrini",3768,3768,8757.99888579487,919.513604062388,97732.5874041523,2820.16686704384,181294.844800805,181206.421270865,197.39,31047342.8482518,8239.74067097978,3545.02703792408,5968
74,"Campinas",36,"São Paulo",44,"Jardim Paulista",49.08,331208.176852565,7392802.11415254,489674.016845703,"Campinas",6131,6131,12765.0000632328,3249.81307081562,36233.4414417729,5493.54194049903,76617.1950961898,76247.2037468883,49.08,56490862.8148158,9213.97207874993,4425.44947395082,7623.56967291839
75,"Pamplona",36,"São Paulo",44,"Jardim Paulista",51.34,330852.442191396,7392400.45094205,512150.5234375,"Pamplona",6836,6836,14277.0016299303,1979.08637835574,12564.1884947078,7612.03967734076,42750.2950715651,42544.789428009,51.34,65987935.9328521,9653.00408613986,4621.97439233423,7623.56967291839
76,"Jardins",36,"São Paulo",44,"Jardim Paulista",237.7,329798.338442192,7392069.70799828,2371441.24902344,"Jardins",4290.99999999999,4290.99999999999,10907.9972889152,1217.8406862596,23678.6305519727,5685.25122647977,50711.4072424279,50644.0419466016,237.7,47487904.4350437,11066.8619051605,4353.4943378929,8046.5604032218
77,"Clínicas",36,"São Paulo",44,"Jardim Paulista",128.72,329032.890967787,7393789.02703639,1284175.24975586,"Clínicas",10526,10526,21005.9978505789,6901.29908245012,38950.2362216124,7639.87022595211,95985.6686207038,95297.4166816801,128.72,83981541.4586362,7978.48579314423,3997.979151289,6843.12652172168
78,"Oscar Freire",36,"São Paulo",44,"Jardim Paulista",100.01,329921.204002529,7393064.9803747,997776.255859375,"Oscar Freire",9507.99999999999,9507.99999999999,20775.9970224595,456.623692367266,24932.0331809289,7501.4719394641,58219.5572674043,58334.116939648,100.01,62523453.7448607,6575.87860168918,3009.4081009576,6360.54187755007
79,"Trianon",36,"São Paulo",44,"Jardim Paulista",59.81,330426.454559566,7393479.8050998,596700.444335938,"Trianon",5109.99999999999,5109.99999999999,10689.9993457145,5602.31020345214,46194.1007676898,4586.9232005491,125391.283465314,125692.002620216,59.81,39828099.5350797,7794.14863700191,3725.73451569447,6500
80,"Jardim Paulistano",36,"São Paulo",63,"Pinheiros",98.98,328013.002323137,7393093.82217801,987500.491210938,"Jardim Paulistano",9192.99999999998,9192.99999999998,19691.0038689909,3522.09962482686,27552.6173682869,6523.97071018843,80847.9395476569,81175.102643934,98.98,56301433.9372887,6124.38093519948,2859.24650220354,4689.11901259924
81,"Jardim Europa",36,"São Paulo",63,"Pinheiros",308.02,328133.052846378,7391762.98330152,3073031.31347656,"Jardim Europa",4838.99999999999,4838.99999999999,12650.0041065298,697.127266880727,41640.8531505414,6976.03444617082,87420.9240945035,87755.5202632516,308.02,61141786.4621412,12635.2110895105,4833.34123429891,10540.7080788983
82,"Pinheiros",36,"São Paulo",63,"Pinheiros",202.58,326873.821568167,7392672.52330568,2021028.97631836,"Pinheiros",4937,4937,11261.9984903005,12715.0964861433,75073.8199180088,3252.40416972512,163842.163464937,164357.023291198,202.58,23241015.2288147,4707.51776966066,2063.66705241802,4209.08262865571
83,"Vila Madalena",36,"São Paulo",63,"Pinheiros",219.31,327650.556417462,7394133.54453085,2187985.18286133,"Vila Madalena",9703,9703,22275.0026485654,5505.94105572697,27800.526109101,8226.63777316565,90155.962578687,90206.6119068871,219.31,73973906.9572769,7623.81809309254,3320.93818907092,6142.57921176239
84,"PUC",36,"São Paulo",61,"Perdizes",73.32,329404.230061946,7396137.52345409,731488.656494141,"PUC",7093.99999999998,7093.99999999998,16556.9987496902,9526.91253165247,12763.0115421255,6905.33358938124,54588.3551503193,54705.381224227,73.32,71703864.7880557,10107.6775850093,4330.72840507385,8493.02060591138
85,"Cardoso de Almeida",36,"São Paulo",61,"Perdizes",63.39,329812.014527303,7395625.0023539,632361.916259766,"Cardoso de Almeida",1837,1837,5033.00047184374,2171.25984498008,3259.14549343105,2500.29575368481,20366.8379526246,20349.7094204262,63.39,19442705.2877697,10583.9440869732,3863.04459865216,8493.02060591138
86,"Zequinha de Abreu",36,"São Paulo",61,"Perdizes",49.61,329107.50403995,7395089.62441745,494959.488525391,"Zequinha de Abreu",1564,1564,3729.00041407362,529.270400064993,3903.02013446599,1240.55442206132,10328.0115432372,10246.1278313676,49.61,11963478.2942959,7649.28279686441,3208.22659314935,6000
87,"Sumaré",36,"São Paulo",61,"Perdizes",139.16,328118.2943314,7395220.32769459,1388299.26220703,"Sumaré",6892.99999999995,6892.99999999995,16353.9974607735,2773.97663278188,10844.0231040381,6241.02201060147,44504.1283158236,44601.0970763305,139.16,55069702.7749742,7989.22135136726,3367.35424516628,6949
88,"Perdizes",36,"São Paulo",61,"Perdizes",168.45,328431.113005456,7396226.72309565,1680522.40966797,"Perdizes",18965,18965,45356.005443789,5280.20735913084,24112.8867070184,15820.1306852632,103953.436590498,104612.019410151,168.45,145167501.358601,7654.49519423152,3200.6235985334,6843.12652172168
89,"Vila Anglo Brasileira",36,"São Paulo",61,"Perdizes",79.12,327144.251190982,7395819.77934035,789312.217529297,"Vila Anglo Brasileira",5505,5505,13992.9986107381,659.889513780441,5442.40183760311,5443.37647789147,20619.1731705153,20845.7236361703,79.12,40201894.058033,7302.79637748101,2873.00064670788,5223.90246383501
90,"Pompéia",36,"São Paulo",61,"Perdizes",60,327766.739075472,7396806.69358565,598589.515380859,"Pompéia",5667,5667,13232.0020212122,2745.42528485355,9741.08801087114,5542.54748086717,45062.9584385053,45059.192696918,60,56718677.219718,10008.5895923272,4286.47736969751,8000
91,"Santa Marina",36,"São Paulo",6,"Barra Funda",295.36,328490.018947362,7398225.64203619,2946616.86376953,"Santa Marina",677.000000000001,677.000000000001,2350.00000616156,18915.1247658253,24396.1276960623,351.491898190581,61474.6799786476,62315.2349146033,295.36,2404840.00088839,3552.20088757516,1023.33616790768,2200
92,"Barra Funda",36,"São Paulo",6,"Barra Funda",118.21,330257.435852784,7397882.4604403,1179255.59790039,"Barra Funda",107,107,324.000065423078,1078.37959731518,12924.7901050437,76.6294659680438,31516.8116296781,30812.8721790463,118.21,540642.356085353,5052.73229986312,1668.64891023829,4689.11901259924
93,"Francisco Matarazzo",36,"São Paulo",6,"Barra Funda",105.13,329909.085686083,7396858.40871558,1048778.63867188,"Francisco Matarazzo",3843.99999999999,3843.99999999999,9031.99800261035,56837.9824527257,30494.7609220537,2945.74630401785,119917.014815541,118684.747104128,105.13,24737341.8030004,6435.31264386067,2738.85598688695,4908
94,"Água Branca",36,"São Paulo",6,"Barra Funda",71.11,328746.640037261,7397201.95224638,709416.746337891,"Água Branca",1660,1660,3993.00105101305,4180.37100767695,19561.2796135648,1300.07389705616,53822.7618278586,53672.9916120546,71.11,11198136.1703408,6745.86516285591,2804.44107759496,5223.90246383501
95,"Vila Beatriz",36,"São Paulo",2,"Alto de Pinheiros",183.66,326454.083734745,7394868.05412087,1832274.61206055,"Vila Beatriz",6941.00000000001,6941.00000000001,17656.9973840112,3871.19315446984,9648.56958818238,7405.91220205531,42510.0961331748,42411.3148043186,183.66,51525371.4756583,7423.33546688636,2918.12760431826,5819.67676195421
96,"Alto de Pinheiros",36,"São Paulo",2,"Alto de Pinheiros",253.17,325585.557938468,7394275.18916026,2525779.31640625,"Alto de Pinheiros",2370,2370,7210.99743510557,3765.23084390497,11978.7367742789,3355.12549319462,33927.2571238953,33760.8323490603,253.17,28016974.4886781,11821.5082230709,3885.31194759299,8493.02060591138
97,"Boaçava",36,"São Paulo",2,"Alto de Pinheiros",314.44,324362.277794,7395251.87042236,3137137.0222168,"Boaçava",6266.00000000001,6266.00000000001,16610.0011482243,1638.3902439788,13938.8259984792,7687.53486781593,43776.2208916893,43380.3446537675,314.44,55064339.2177659,8787.79751320872,3315.13157201994,7222.81467427629
98,"Vila Anastácio",36,"São Paulo",48,"Lapa",164.66,324732.379745341,7398445.06090209,1642735.36523438,"Vila Anastácio",910.000000000001,910.000000000001,2451.99966251852,839.233392452345,8500.44507684803,567.937905850206,15802.3126905138,15872.4518671494,164.66,4034066.31645228,4433.03990818931,1645.2148742585,3000
99,"Lapa de Baixo",36,"São Paulo",48,"Lapa",242.69,326428.034305201,7398557.75715937,2421213.49023438,"Lapa de Baixo",3023,3174.23076923077,8119.99899553306,1790.03315959513,22936.2232628906,2428.8525218695,43635.6758591628,43479.4755173374,242.69,15283623.9377597,4814.90636594879,1882.21992960436,3789.78865036167
100,"Lapa",36,"São Paulo",48,"Lapa",225.22,326499.23770974,7397493.55682712,2246964.57983398,"Lapa",7394,7394,19354.0034788777,17372.9926601711,40417.1246024951,5697.66075267694,149671.005142033,149661.131046672,225.22,50817248.6029691,6872.7682719731,2625.67115162656,4689.11901259924
101,"Vila Ipojuca",36,"São Paulo",48,"Lapa",168.47,326474.445441872,7396395.69584925,1680721.71923828,"Vila Ipojuca",8354.00000000001,8354.00000000001,21857.9990265625,3688.38219322683,10990.834399984,6745.69252250853,47542.9527498931,46914.6010988363,168.47,62553147.6928551,7487.80795940329,2861.7966181094,7000
102,"Alto da Lapa",36,"São Paulo",48,"Lapa",159.95,325144.119226035,7396704.90613077,1595781.95629883,"Alto da Lapa",4763,4804.94117647059,12643.0029162784,3136.62403949521,8176.12363174921,6114.68422132838,31747.1229513048,32175.1239789812,159.95,35297260.1635044,7346.03377380607,2791.84149503419,5819.67676195421
103,"Gavião Peixoto",36,"São Paulo",48,"Lapa",68.96,324693.491621262,7397640.19265373,687967.85546875,"Gavião Peixoto",889,889,2621.9997462266,1713.33813723931,2921.95368412459,874.502673370762,11489.3647801513,11592.6688221195,68.96,6686242.08453321,7521.08220982363,2550.05443618199,6400
104,"Bela Aliança",36,"São Paulo",90,"Vila Leopoldina",71.35,323805.931860401,7397431.80348516,711821.947021484,"Bela Aliança",2764.00000000001,2764.00000000001,7064.00099784496,3221.02460230967,3616.9010366346,3776.64879714432,17968.8875989301,17846.2544480442,71.35,24599314.0801639,8899.89655577564,3482.34861343714,6843.12652172168
105,"Vila Hamburguesa",36,"São Paulo",90,"Vila Leopoldina",149.18,323768.328813878,7396393.5034587,1488331.57006836,"Vila Hamburguesa",5319,5319,14439.0025688361,6369.17877595484,16512.7094724851,6959.44605080333,47704.5350012047,48599.0728195934,149.18,41886229.4069944,7874.83162380042,2900.90878558316,6843.12652172168
106,"CEASA",36,"São Paulo",90,"Vila Leopoldina",197.78,322525.376290673,7396081.27654896,1973206.30126953,"CEASA",1103,1103,3921.00062642227,54.2579777575254,20953.7000204542,318.93066388483,30808.8101391723,31592.1702393599,197.78,2259191.14195566,2048.22406342308,576.177194854739,2085.99241623413
107,"Vila Leopoldina",36,"São Paulo",90,"Vila Leopoldina",91.65,323039.979794092,7397081.50708068,914363.197998047,"Vila Leopoldina",5816,5816,15212.9957823645,9141.35838139458,12845.2978498074,6395.49738080594,50269.4553275173,50327.6427554455,91.65,53590015.896544,9214.23932196424,3522.64712770562,7623.56967291839
108,"Emissário",36,"São Paulo",90,"Vila Leopoldina",190.52,322446.894872708,7397620.90181586,1900784.03271484,"Emissário",1117,1144.36363636364,3450.9995389,392.976559155538,15544.4193204088,674.209295706729,25829.6085407686,26139.6511175445,190.52,4103824.56385212,3586.11933606397,1189.16983835941,3213.12736868523
109,"Vila Zatt",36,"São Paulo",64,"Pirituba",1220.22,323428.719042256,7402934.18510822,12173895.5725098,"Vila Zatt",39388,39388,120118.026884881,23983.228613065,34385.112432815,25735.6157136536,180626.04074578,182059.821781512,1220.22,129524428.728362,3288.42359927801,1078.30965998548,3044.22003137203
110,"Pirituba",36,"São Paulo",64,"Pirituba",488.92,324528.430867576,7400374.21703943,4877828.3815918,"Pirituba",18164,18164,50451.0019750611,10862.631942195,17120.6109894276,11394.5148944412,90591.7800479971,91544.5645354937,488.92,75219429.9221428,4141.12695012898,1490.94025841796,4083.51981418684
111,"São Domingos",36,"São Paulo",73,"São Domingos",581.76,322480.725689762,7400112.76816761,5804163.04199219,"São Domingos",17781,17781,50922.9988472286,8321.44583651433,17726.8677878856,12679.5433780675,83424.5065027621,84136.1378508399,581.76,79700744.0983821,4482.35442879378,1565.12275204938,3300
112,"Jardim Mutinga",36,"São Paulo",73,"São Domingos",411.97,320378.77783639,7401726.12886815,4110258.20751953,"Jardim Mutinga",11058,11058,35151.9978133435,5570.16808105822,13884.2258838065,6007.6524193541,58622.3218156869,57527.165784045,411.97,30961190.2135645,2799.89059627098,880.780386308848,2000
113,"Vila Jaguara",36,"São Paulo",39,"Jaguara",454.34,321636.782019226,7398830.09749011,4533000.11181641,"Vila Jaguara",8078,8078,24154.0031271287,7036.20255073773,18371.8167546323,7529.03802340045,57544.3612621302,57574.8641134019,454.34,31872351.81727,3945.5746245692,1319.54739135859,3391.40646241033
114,"Parque do Jaraguá",36,"São Paulo",41,"Jaraguá",489.12,319723.846112563,7404174.77387571,4880038.12866211,"Parque do Jaraguá",0,0,0,0,210.674665857143,0,238.722236559874,238.722236559874,489.12,0,0,0,0
115,"Nova Jaraguá",36,"São Paulo",41,"Jaraguá",777.78,321070.597444657,7405678.02315294,7759841.66772461,"Nova Jaraguá",15147,15147,49094.0120323363,13205.3396817305,12784.8184898725,7318.89534393663,69991.6809842625,69929.5095680404,777.78,36485875.6713562,2408.78561242201,743.183825500437,2000
116,"Parada de Taipas",36,"São Paulo",41,"Jaraguá",1553.24,323767.106680356,7406864.11226887,15496232.8308105,"Parada de Taipas",49541,49989.9704589064,157907.015436586,42259.1013276503,32183.3820132262,26620.969718581,240275.482080875,239599.256234964,1553.24,134950388.683129,2699.54927847104,854.619336006159,2452.83554594684
117,"Parque Morro Doce",36,"São Paulo",3,"Anhanguera",1527.16,315984.584666096,7406889.43518497,15237114.2990723,"Parque Morro Doce",21235,21513.6666666666,64094.9845700158,12209.230255167,16538.3228858175,11299.0760759736,59857.6724713989,60160.5325755954,1527.16,54577629.404158,2536.8817993597,851.511702051177,2436.36580057788
118,"Anhanguera",36,"São Paulo",3,"Anhanguera",1812.79,317563.074492897,7408392.5664654,18086602.8215332,"Anhanguera",5392,5392,16752.0024895848,3386.81234373182,4006.73850546932,4078.36165079887,21675.9140927773,22055.2917366231,1812.79,16371010.3831551,3036.16661408664,977.256921573018,3000
119,"Perus",36,"São Paulo",62,"Perus",2369.13,321621.829494875,7410246.40089316,23636420.076416,"Perus",26735,26735,87245.9920599375,24446.1846857856,13968.777769935,13251.6678401198,110913.237555085,111878.99816977,2369.13,63643344.3121938,2380.52531558608,729.470120168628,2037
120,"Vista Alegre",36,"São Paulo",11,"Brasilândia",742.47,327804.13477499,7407696.93778058,7407119.72875977,"Vista Alegre",0,0,0,0,0,0,0,0,742.47,0,0,0,0
121,"Jardim Damasceno",36,"São Paulo",11,"Brasilândia",573.73,327667.071049196,7405735.27789982,5723714.50024414,"Jardim Damasceno",27338,27338,90272.9841037419,14284.897495596,15690.5442309707,12057.7923716497,94656.7614662164,94614.9279647307,573.73,72969655.9792592,2669.16584897429,808.322187459787,2500
122,"Vila Souza",36,"São Paulo",11,"Brasilândia",220.86,325755.334422768,7405181.6970499,2203437.02124023,"Vila Souza",15428,15428,49952.9913219472,8099.69827107175,9609.51930927747,5884.77905849861,72393.5334517621,72941.0352557413,220.86,30546821.1508196,1979.95988791934,611.511349819778,1600
123,"Vila Terezinha",36,"São Paulo",11,"Brasilândia",250.78,327393.939077298,7404140.76220064,2501911.45068359,"Vila Terezinha",22608,23423.0873015873,73066.0076954999,12034.7126816355,9607.89995162768,7814.41268472773,84917.5042438368,84003.5304172999,250.78,56095409.3542226,2394.87684232049,767.736066653569,2323.8951481989
124,"Brasilândia",36,"São Paulo",11,"Brasilândia",318.28,328188.004612272,7403280.99274011,3175310.12451172,"Brasilândia",21393,21393,64866.0034627771,20521.1339870363,17658.497182306,12274.2938395788,128768.794886355,130233.771896628,318.28,66553909.3917896,3111.01338717289,1026.02142630818,2700
125,"Vila Morro Grande",36,"São Paulo",29,"Freguesia do Ó",413.07,326002.481593079,7402848.36480966,4121061.95629883,"Vila Morro Grande",17246,17573.380952381,52600.0108786472,11263.747721781,12369.7745387922,9401.32322893085,80134.9102711187,80143.6601512652,413.07,50875364.5741656,2895.02428201061,967.212054224466,2600
126,"Itaberaba",36,"São Paulo",29,"Freguesia do Ó",207.42,327876.502968732,7402103.17707125,2069343.34936523,"Itaberaba",11011,11011,34079.0044412803,5963.05001860952,12029.55298299,9403.89790035982,71927.6984728786,71873.0676295893,207.42,43690654.2503897,3967.90974937696,1282.04021703952,2800
127,"Freguesia do Ó",36,"São Paulo",29,"Freguesia do Ó",485.85,326786.049760935,7400402.28914654,4847077.07348633,"Freguesia do Ó",18734,18734,53941.0137438096,12871.9214114783,19889.0170797778,14962.1201633035,128457.199133049,128144.805512086,485.85,79732344.0516743,4256.02348946698,1478.13951792526,4442.62190374453
128,"Carandiru",36,"São Paulo",71,"Santana",38.03,334004.325866646,7399381.48343369,379395.486816406,"Carandiru",673.999999999999,673.999999999999,1793.99969460443,3437.83793030826,13692.232738114,420.101352680883,35899.1185064185,35757.18106869,38.03,3701066.04747091,5491.19591612895,2063.02490385149,4500
129,"Santana",36,"São Paulo",71,"Santana",54.36,334388.35431909,7400027.45292536,542336.998046875,"Santana",1769,1769,4596.00056881963,3753.90045146583,14458.274654718,1100.77699266423,62381.4127010946,62718.3858462879,54.36,9006744.41003234,5091.43267949821,1959.69175268085,4700
130,"Zaki Narchi",36,"São Paulo",71,"Santana",71.32,334641.065039659,7399422.6071893,711489.176025391,"Zaki Narchi",908.999999999999,908.999999999999,3273.99986464093,934.273532837477,3858.77160577571,258.046117412045,9669.30380014419,9661.80052548153,71.32,2542685.12154224,2797.23335703217,776.629574424588,2201.73287554739
131,"Tietê",36,"São Paulo",71,"Santana",78.6,334140.626760893,7398467.71829051,784104.30078125,"Tietê",433,433,1227.0002455,4404.62803948123,10907.3250064075,238.891592837626,32353.0274345993,32060.4266807024,78.6,1765434.20425912,4077.21525233052,1438.82139448123,3400
132,"Parque Anhembi",36,"São Paulo",71,"Santana",313.52,332719.694630637,7398889.1131946,3127700.17529297,"Parque Anhembi",0,0,0,2323.72921627068,3871.10342449613,0,14652.3594889662,14873.9293757924,313.52,0,0,0,0
133,"Alfredo Pujol",36,"São Paulo",71,"Santana",215.07,333324.141261591,7400358.51892069,2145518.42456055,"Alfredo Pujol",13684,13684,36441.9977063333,8596.03648382667,20365.9112274813,11400.0909664715,91463.7886352898,92116.7840311624,215.07,96547250.9699411,7055.48457833536,2649.34024056431,4949.29291547114
134,"Santa Terezinha",36,"São Paulo",71,"Santana",251.08,332722.255647717,7401237.22342377,2504790.74975586,"Santa Terezinha",10038,10038,28827.0041110208,9579.93241895699,14705.9824618701,8767.75895346176,74017.9354054615,72693.092601784,251.08,56586446.7178765,5637.22322353821,1962.96661629999,4689.11901259924
135,"Jardim São Paulo",36,"São Paulo",71,"Santana",291.23,334691.1285246,7401419.09643764,2905277.30249023,"Jardim São Paulo",13643,15631.5833333334,38163.0009731417,8502.94501065628,17444.7760387082,9479.5238693394,83855.4950731048,83664.9934755175,291.23,78038072.081727,4992.33317685201,2044.86204155298,4442.62190374453
136,"Casa Verde",36,"São Paulo",21,"Casa Verde",325.35,330493.517511559,7399228.83429609,3245766.01928711,"Casa Verde",11225,11225,32569.9957342802,10751.7013808774,23470.7005085544,8835.19318734816,90249.268566127,90271.4248121069,325.35,46970260.7716571,4184.4330308826,1442.13284996597,3254
137,"Parque Peruche",36,"São Paulo",21,"Casa Verde",391.87,331043.673567576,7400735.64665833,3909383.02636719,"Parque Peruche",17062,17062,53438.9862258656,7934.78684627145,20887.2639738689,11767.5811707753,106218.636939525,106878.479511478,391.87,70240860.3916817,4116.80110137625,1314.41229245632,3778.18872313733
138,"Limão",36,"São Paulo",50,"Limão",171.8,328629.893529586,7399213.74594294,1713905.71582031,"Limão",2395,2440.46153846154,7855.00157831409,1289.61073296795,12056.8511096051,1465.91674022448,33391.5504368176,34556.6977828324,171.8,8050502.62862835,3298.76234546329,1024.88873469535,2700
139,"Jardim Primavera",36,"São Paulo",50,"Limão",192.75,328428.286769172,7400855.75518297,1922934.93066406,"Jardim Primavera",8140,8140,24309.0077518002,6250.10021166493,14167.5682882985,4938.21521773723,62094.315012151,63023.4071826981,192.75,29712701.1346536,3650.20898460118,1222.29181207338,3000
140,"Vila Santa Maria",36,"São Paulo",50,"Limão",277.94,329394.717294413,7400824.92844302,2772835.58984375,"Vila Santa Maria",15199,15199,47390.9904445486,11153.6759204921,16236.6368184574,8582.09095228756,90856.9368757279,89826.1112589542,277.94,50650791.6717939,3332.50816973445,1068.78525214744,3000
141,"Cachoeirinha",36,"São Paulo",13,"Cachoeirinha",478.58,330569.384791018,7403286.44732586,4774435.72827148,"Cachoeirinha",26057,26621.1904761905,79276.0125123431,20535.5540419799,21852.9054445775,16037.7293731962,160498.003792891,160705.381289377,478.58,96202633.1299335,3613.76149635289,1213.51503539554,3573.04677523656
142,"Jardim Peri",36,"São Paulo",13,"Cachoeirinha",443.68,330044.028371542,7405141.1795182,4426223.22314453,"Jardim Peri",20266,20266,66323.9850593711,6352.23805139645,17674.1954970345,10023.9964955647,97862.1742161587,98199.0185279282,443.68,53329784.9364885,2631.49042418279,804.079925064053,2500
143,"Reserva da Cantareira",36,"São Paulo",13,"Cachoeirinha",436.61,330128.699147147,7407381.42866951,4355654.21533203,"Reserva da Cantareira",0,0,0,0,0,0,0,0,436.61,0,0,0,0
144,"Mandaqui",36,"São Paulo",51,"Mandaqui",552.45,332706.887367649,7402746.60614256,5511288.6965332,"Mandaqui",36483,36483,104525.987311069,11676.5728951393,30089.9114350114,29568.494163364,163855.492127403,163686.510457499,552.45,175282147.52218,4804.48832393663,1676.92410309927,3391.40646241033
145,"Horto Florestal",36,"São Paulo",51,"Mandaqui",342.18,332361.063115675,7404846.08728095,3413634.85961914,"Horto Florestal",1504,1574.73333333333,4480.00007775157,3544.3055814078,2392.42443567674,1397.62324258512,19530.3559375842,20272.2797178867,342.18,8057632.24784381,5116.82332321481,1798.57859553605,4442.62190374453
146,"ETA Guaraú",36,"São Paulo",51,"Mandaqui",428.67,332147.189645055,7407017.82459124,4276383.70019531,"ETA Guaraú",0,0,0,0,0,0,0,0,428.67,0,0,0,0
147,"Parque Palmas do Tremembé",36,"São Paulo",83,"Tremembé",407.03,335685.096661426,7405690.70973186,4060420.93041992,"Parque Palmas do Tremembé",10874,10874,33902.006416615,4625.03238387475,13310.5066083892,8914.9071095856,73488.760101746,72374.449427546,407.03,44642900.8267857,4105.47184355211,1316.82179155351,3391.40646241033
148,"Tremembé",36,"São Paulo",83,"Tremembé",331.62,334163.578138523,7405256.32357242,3308234.06738281,"Tremembé",7809,7809,22868.9975190977,6902.87263485229,7835.94880226189,4430.91654028915,48887.0126686934,48863.8875392727,331.62,20046654.131171,2567.12179935599,876.586484144318,2000
149,"Cantareira",36,"São Paulo",83,"Tremembé",2886.45,338045.092579647,7411378.56584138,28793638.1591797,"Cantareira",0,0,0,0,68.4472176666667,0,427.666706862544,427.666706862544,2886.45,0,0,0,0
150,"Jardim das Pedras",36,"São Paulo",83,"Tremembé",1609.01,338229.16455965,7408908.94051407,16050655.7382812,"Jardim das Pedras",15291,15291,51557.999746681,7628.35109007137,10269.4168756224,6703.42411485212,62177.9559825135,63545.0492362786,1609.01,36754323.349884,2403.65727224407,712.8733374155,2400
151,"Jardim Guapira",36,"São Paulo",83,"Tremembé",548.53,337662.75096909,7405643.21247256,5471898.86303711,"Jardim Guapira",33624,33624,109628.975072016,15201.1243413117,21010.5393776352,16770.269390894,179032.891789185,179177.529797514,548.53,93477956.8567423,2780.09626626048,852.675643417593,2454
152,"Parada Inglesa",36,"São Paulo",84,"Tucuruvi",242.67,336275.486767971,7401784.48757629,2420773.31835938,"Parada Inglesa",12154,12154,35168.9984993429,12758.8331422936,14572.7141283878,6875.35591833894,79982.2900354904,79456.2605833056,242.67,44538816.5124824,3664.53978216904,1266.42265668483,3500
153,"Tucuruvi",36,"São Paulo",84,"Tucuruvi",358.5,334953.119583703,7403533.54293616,3576331.25512695,"Tucuruvi",5703,5703,16283.9975975586,8217.95714884043,10765.1507385573,5639.52947846087,41115.2119557957,41426.0617923609,358.5,37593002.423526,6591.794217697,2308.58560364577,5700
154,"Vila Gustavo",36,"São Paulo",84,"Tucuruvi",345.8,336909.942538857,7403070.20516824,3449609.95678711,"Vila Gustavo",15797,15797,45464.9996784577,9330.44546737582,17161.7842715329,13605.3032277513,101085.514466817,100299.702263528,345.8,69511477.419317,4400.29609541793,1528.90086684094,3200
155,"Cohab Jova Rural",36,"São Paulo",38,"Jaçanã",254.58,339303.336808095,7405954.97490593,2539527.89624023,"Cohab Jova Real",9265,9265,32242.0048534586,3981.51860693807,6320.03411691705,4586.69959330579,42597.8967926734,42603.7037884681,254.58,25706247.2094591,2774.55447484717,797.290594251046,2500
156,"Jaçanã",36,"São Paulo",38,"Jaçanã",386.23,338771.362816365,7403945.62549198,3852797.61157227,"Jaçanã",14464,14464,43910.0095890902,12215.9169648406,17611.0509246491,11083.3526925,88607.6222042822,88273.4750139382,386.23,48106897.1657235,3325.97463811694,1095.57929082475,3300
157,"Parque Edu Chaves",36,"São Paulo",38,"Jaçanã",109.91,340195.366823463,7402754.72182694,1096429.29711914,"Parque Edu Chaves",6230,6230,19629.0042649999,4883.7869549978,6985.34714989023,2575.94028027206,34206.0385750055,34593.7614137031,109.91,22004877.6453239,3532.08308913706,1121.03891507938,3213.12736868523
158,"Vila Medeiros",36,"São Paulo",94,"Vila Medeiros",335.02,337980.596253746,7401360.39788853,3342026.18798828,"Vila Medeiros",19961,19961,60458.993230824,8068.91838245897,7927.7652067449,9458.45153019422,74902.5595816878,75869.4750911792,335.02,83100700.6637162,4163.1531818905,1374.49693127455,3579.57730072334
159,"Jardim Brasil",36,"São Paulo",94,"Vila Medeiros",454.37,339636.097380043,7401603.75278358,4532570.30859375,"Jardim Brasil",20206,20206,64170.995068863,9561.5935626671,29202.7904380656,10554.8261341513,101954.231469542,100394.218445142,454.37,60988862.5528018,3018.35408060981,950.411669436534,2588.93015036554
160,"Jardim Japão",36,"São Paulo",91,"Vila Maria",396.23,338495.440263941,7399728.32948741,3952664.95458984,"Jardim Japão",17245,17245,50672.0078498141,6995.65232462406,12696.597695429,11537.0037615746,55473.2773040892,53498.0379951338,396.23,64733583.1344582,3753.75953229679,1277.50183743105,3000
161,"Parque Novo Mundo",36,"São Paulo",91,"Vila Maria",551.36,339792.84300795,7398424.41296006,5500097.37036133,"Parque Novo Mundo",14724,14724,47296.9972322099,6424.7475304241,33205.5917413895,8274.49315973018,122574.777491939,121963.127330865,551.36,38908773.6478687,2642.54099754609,822.647861910592,2200
162,"Vila Maria",36,"São Paulo",91,"Vila Maria",234.12,337684.090512338,7398179.98966285,2335473.32397461,"Vila Maria",5467,5467,15841.9999621217,22073.0587462912,17823.1159419039,3457.42294677602,68260.8059056575,68767.3721984282,234.12,18935666.439803,3463.63022495026,1195.28257070309,3044.22003137203
163,"Vila Isolina Mazzei",36,"São Paulo",88,"Vila Guilherme",379.5,336286.554311743,7399920.36572314,3785766.29882812,"Vila Isolina Mazzei",16125,16125,47519.0053332503,6508.82510172369,17319.4908686876,13020.2103994451,96568.7076669424,97521.8042482408,379.5,73999513.2834271,4589.11710284819,1557.26141076543,3778.18872313733
164,"Vila Guilherme",36,"São Paulo",88,"Vila Guilherme",170.9,336448.32102508,7398103.24112188,1704828.94799805,"Vila Guilherme",1879,1879,5848.99793302381,2434.63966703997,10506.0178117729,1182.08260303766,25919.7418022968,25735.2180736832,170.9,6512056.08030087,3465.70307626444,1113.362691331,3500
165,"Coroa",36,"São Paulo",88,"Vila Guilherme",174.39,335266.850694043,7398700.32210234,1739728.52319336,"Coroa",1075,1075,3183.99929809831,3964.92267282395,14332.510543198,602.785970713633,37176.2696914075,37561.618150274,174.39,4227697.17179352,3932.74155515676,1327.79463058254,3213.12736868523
166,"Gomes Cardim",36,"São Paulo",82,"Tatuapé",243.24,340607.136937739,7395178.41135766,2426437.54394531,"Gomes Cardim",12310,12310,32875.9947385307,22802.6569837919,30352.8690745596,10288.730048095,120135.988370013,119327.507400755,243.24,65122330.5148359,5290.19744230997,1980.8474551954,5298.53747960483
167,"Tatuapé",36,"São Paulo",82,"Tatuapé",156.88,339384.398072357,7395129.43969312,1565020.00683594,"Tatuapé",6493,6493,17439.9983118702,8718.75985574629,37493.4623598618,6142.06093581333,116961.622316526,118134.333348783,156.88,31144802.856127,4796.67378039843,1785.82602470373,4442.62190374453
168,"Chácara do Piqueri",36,"São Paulo",82,"Tatuapé",198.59,339085.414991869,7396593.23054778,1981023.03540039,"Chácara do Piqueri",8579,8579,22501.9984705454,7413.25348250211,22158.5145841118,6533.2912293356,74133.7756659816,74079.0993040624,198.59,41632850.307442,4852.87915927754,1850.18456747024,4209.08262865571
169,"Parque São Jorge",36,"São Paulo",82,"Tatuapé",252.07,340623.275194251,7396829.94521212,2514544.72363281,"Parque São Jorge",8157.00000000001,8157.00000000001,22459.9983107006,44339.9858911959,19027.9132278328,8768.95596574488,86021.8939410714,87276.2835452319,252.07,44423971.7651634,5446.11643559683,1977.91518728648,5223.90246383501
170,"Penha",36,"São Paulo",60,"Penha",384.16,341931.762627425,7397910.09990057,3832174.25708008,"Penha",11594,11594,34692.9991646605,12886.6186409505,19867.4452229342,7112.38824124384,97700.5207118998,97304.708507244,384.16,40665017.1514748,3507.41910914911,1172.13899433917,3000
171,"Tiquatira",36,"São Paulo",60,"Penha",324.46,343583.350923357,7397831.79041469,3236572.87890625,"Tiquatira",14372,14372,40666.0036599636,7653.17687995257,14810.3886176544,9458.55254744683,81281.3472461397,81162.0829634892,324.46,48743936.2377539,3391.59033104327,1198.6409248702,2715
172,"Vila Esperança",36,"São Paulo",60,"Penha",228.82,345057.288482688,7397666.50464496,2282534.74487305,"Vila Esperança",9252.99999999999,9252.99999999999,26788.0052711977,6530.17626687022,11407.8469634015,6818.15300609223,52567.4674378784,51976.1279215042,228.82,39658448.5412928,4286.00978507433,1480.4554553352,3213.12736868523
173,"Vila Ré",36,"São Paulo",60,"Penha",208.23,347034.579426452,7397362.78970694,2077128.67041016,"Vila Ré",8982,8982,26817.9959799405,4995.78688319898,9020.88174026055,4729.66135355722,45559.3112038773,45116.6979857273,208.23,30053611.2676823,3345.98210506372,1120.65089763464,2884.19179697777
174,"Rui Barbosa",36,"São Paulo",18,"Cangaíba",271.23,346550.798458776,7400233.19914669,2705499.9753418,"Rui Barbosa",15839,16193.6666666667,48886.0024596034,14856.1135438662,10105.9706558227,8474.67133914436,86238.8721779469,86039.0066020431,271.23,45029056.1520515,2780.65845610742,921.103258325549,2884.19179697777
175,"Estação Eng. Goulart",36,"São Paulo",18,"Cangaíba",193.33,345371.0954429,7399978.23825174,1928445.18554688,"Estação Eng. Goulart",9796,9796,31791.9964072508,3691.43818870159,10075.2152718467,4999.06989472274,60534.8347857024,60149.9567597668,193.33,29947762.9229585,3057.14198886878,941.990636238509,2588.93015036554
176,"Cangaíba",36,"São Paulo",18,"Cangaíba",333.53,343652.363473944,7399438.444703,3327054.8449707,"Cangaíba",15645,15645,46828.0012874547,8935.78270782325,18677.3352726208,9846.97333957196,58383.5079139123,58502.9750321316,333.53,53905987.8798565,3445.57289101032,1151.1485948109,3044.22003137203
177,"Parque Ecológico do Tietê",36,"São Paulo",18,"Cangaíba",530.85,344645.286532463,7401201.64416338,5295300.37231445,"Parque Ecológico do Tietê",3023,3249.43478260869,10184.0008276563,538.339650036716,1894.45665705151,1259.92600753005,14347.3878613325,13931.9379452107,530.85,7029017.0517004,2163.15067756412,690.201932487277,2151.64896273307
178,"USP Leste I",36,"São Paulo",18,"Cangaíba",50.18,346636.185532699,7402090.67677797,500488.556152344,"USP Leste I",0,0,0,2954.20522745301,1288.64413115513,0,3889.25151888281,3948.55231114701,50.18,0,0,0,0
179,"USP Leste II",36,"São Paulo",28,"Ermelino Matarazzo",122.83,348485.298405832,7402626.64349714,1225244.25317383,"USP Leste II",0,0,0,0,0,0,0,0,122.83,0,0,0,0
180,"Ermelino Matarazzo",36,"São Paulo",28,"Ermelino Matarazzo",448.82,347803.634198752,7401409.23055865,4476911.49169922,"Ermelino Matarazzo",22958,23549.7647058823,71108.9978124787,11591.4494020736,14445.1490966856,17402.8490193573,120369.45586844,119763.480168428,448.82,74811501.8892773,3176.74094937308,1052.06801095077,2500
181,"Parque Buturussu",36,"São Paulo",28,"Ermelino Matarazzo",371.83,349192.240854952,7400782.05608557,3708874.04882812,"Parque Buturussu",15110,15575.4074074074,46599.9887128939,12626.0607956961,12718.7800015636,9224.35674977811,79905.8890565592,82542.0379430787,371.83,49148286.9337766,3155.50570512862,1054.68452442302,2500
182,"Ponte Rasa",36,"São Paulo",65,"Ponte Rasa",365.36,346708.252457081,7398791.99062908,3644445.51171875,"Ponte Rasa",15499,15499,46946.007968387,9526.12137342207,17054.085472616,11944.5820612419,63922.0569796191,65454.1151245449,365.36,56148793.481789,3622.73653021414,1196.02913882686,3391.40646241033
183,"Burgo Paulista",36,"São Paulo",65,"Ponte Rasa",291.63,348532.584658942,7398381.28616823,2908969.12866211,"Burgo Paulista",13918,13918,43658.9987368442,12608.023792776,7808.23138074619,8787.20075362211,68114.7033775728,67707.3985629702,291.63,43291933.7009433,3110.49961926594,991.592454098332,2588.93015036554
184,"Limoeiro",36,"São Paulo",89,"Vila Jacuí",143.33,349725.191744621,7399035.96012254,1429704.25415039,"Limoeiro",7929.00000000001,8241.11612903227,24723.9969752983,2912.42273759374,4976.88296758144,4528.22421774589,42955.2329907915,42912.1760006164,143.33,25196707.2284322,3057.43868111114,1019.11949162614,2452.83554594684
185,"Laranja da China",36,"São Paulo",89,"Vila Jacuí",131.72,350517.408509312,7399399.41434994,1313889.67333984,"Laranja da China",9672,9672,29128.9924337693,4836.38007452571,5015.31541704743,4831.10228194726,29802.2577983659,29892.0035773906,131.72,19764932.6196078,2043.5207423085,678.53128337849,1900
186,"Pedro José Nunes",36,"São Paulo",89,"Vila Jacuí",86.18,350808.001639658,7400037.20026339,859612.031494141,"Pedro José Nunes",3860,4195.45952380952,11746.9985937508,2425.78782261553,2653.80841647328,2729.75603700302,17713.8403635801,17385.2856159287,86.18,15482712.6797991,3690.34967252898,1318.01434691885,3000
187,"Parque Cruzeiro do Sul",36,"São Paulo",89,"Vila Jacuí",249.91,350703.363959652,7401447.59397115,2492736.51928711,"Parque Cruzeiro do Sul",15290,15290,48263.010457806,8886.90606967955,9958.57590350251,6777.38053110286,62944.1901659415,63153.2153928721,249.91,36903075.4672371,2413.54319602597,764.624401113553,2452.83554594684
188,"Vila Jacuí",36,"São Paulo",89,"Vila Jacuí",211.87,351791.865906508,7399670.56781435,2113335.71850586,"Vila Jacuí",10432,10432,31081.9918242689,30033.8918479125,8299.01188781842,6965.05482672971,76949.6675411598,77159.665535981,211.87,28523895.0522462,2734.26908092851,917.698428514954,1987
189,"Parada XV",36,"São Paulo",36,"Itaquera",324.46,352813.820499013,7396613.49581369,3236352.86181641,"Parada XV",16044,16044,48724.9995789341,13113.5776896137,10694.1674447172,8411.30072070825,90505.1432089974,91951.1166500656,324.46,45770535.5653855,2852.81323643639,939.364514333912,2588.93015036554
190,"Itaquera",36,"São Paulo",36,"Itaquera",283.17,351643.914808296,7395152.34644194,2824486.21655273,"Itaquera",10820,10820,33747.9980911293,13849.7917535267,15389.5365182587,8098.53461401697,84630.6393851286,83666.526467344,283.17,39790969.6371696,3677.53878347224,1179.06162995869,3213.12736868523
191,"Arena Corinthians",36,"São Paulo",36,"Itaquera",140.29,350057.10702209,7395398.22410797,1399346.55053711,"Arena Corinthians",0,0,0,3029.5201188222,8686.79932760009,0,28461.5134778868,28375.3782403231,140.29,0,0,0,0
192,"Vila Campanela",36,"São Paulo",36,"Itaquera",230.53,350397.305994909,7396623.28268894,2299499.04174805,"Vila Campanela",11982,12490.5277777778,38952.9943177004,7252.61217831146,9378.09577397173,9073.93026237602,51718.4959418685,51556.5701737827,230.53,45752495.8686252,3662.97539084175,1174.55658210684,3579.57730072334
193,"Araucárias",36,"São Paulo",36,"Itaquera",129.58,350029.339449624,7397924.40288916,1292559.40722656,"Araucárias",7568,7786.19047619048,25664.9986030047,3254.52224774536,6585.49242817416,3584.45493237528,37255.1400485659,37255.1400485659,129.58,21415773.4128371,2750.48157097168,834.435011826959,2000
194,"Parque Guarani",36,"São Paulo",36,"Itaquera",126.45,351054.908727497,7397775.06804331,1261337.09277344,"Parque Guarani",7687,7687,25845.0001785092,7582.04865403389,4852.34712603685,3777.48312326411,33941.8881183846,34318.1061270855,126.45,17742547.0280243,2308.12371900927,686.498235847475,2150
195,"Rio Verde",36,"São Paulo",36,"Itaquera",238.76,351932.678108092,7397841.25539135,2381562.89916992,"Rio Verde",12109,12109,37046.994029024,6147.59134689045,6255.20449464431,6686.75238874267,48318.1053307275,48275.3679003193,238.76,36078980.6203442,2979.51776532696,973.870662544945,2300
196,"Saudade",36,"São Paulo",76,"São Miguel",207.28,353287.201807002,7398340.00105558,2067511.05273438,"Saudade",11087,11194.4545454545,35989.9917074349,7915.4796902626,8339.27020823675,4584.39869193433,50955.8687024348,50650.2328372085,207.28,29281485.3489516,2615.7134525899,813.600780655433,2454
197,"São Miguel Paulista",36,"São Paulo",76,"São Miguel",302.65,352224.243337962,7400939.14761199,3018807.90087891,"São Miguel Paulista",7580,7685.75,24124.0027820096,8537.68276163278,7763.02866252296,4275.75027566017,50241.6053776814,49809.7308035459,302.65,26124919.6492133,3399.13731896215,1082.94298774895,3200
198,"Cidade Nitro-Operária",36,"São Paulo",76,"São Miguel",357.92,353279.223402893,7400835.46793336,3570106.38598633,"Cidade Nitro-Operária",9488.99999999999,9488.99999999999,29484.9919851476,11233.5005451704,23933.6571123755,5556.98736374104,101521.623620639,101799.49753231,357.92,32395486.5055214,3414.00426868178,1098.71105007727,2588.93015036554
199,"Jardim Helena",36,"São Paulo",43,"Jardim Helena",684.67,355009.187710651,7402282.29617627,6829097.33911133,"Jardim Helena",30922,31605.1724137931,101749.96576048,22635.7434225799,20669.2708749138,20325.6827342331,165444.279990729,163571.273872829,684.67,90359902.5790798,2859.02261174329,888.058309442459,2280
200,"Jardim Romano",36,"São Paulo",43,"Jardim Helena",230.77,357894.746099895,7402128.10904956,2301723.51928711,"Jardim Romano",10206,10401.9692307692,33295.9932760982,5687.15183562112,9162.41525715196,6294.83126762487,52723.0997936263,52681.6245068098,230.77,28123780.6714824,2703.69773718343,844.659609289127,2454
201,"Vila Curuçá",36,"São Paulo",86,"Vila Curuçá",503.17,355358.388522949,7400130.21426598,5018780.88720703,"Vila Curuçá",23994,23994,74667.0052472083,23127.2317308777,16619.3667537081,11507.2525282588,139755.809085027,140875.96649313,503.17,67417870.865955,2809.78039784759,902.913819065692,2833.60056578274
202,"Jardim Robru",36,"São Paulo",86,"Vila Curuçá",449.19,355627.173108253,7398428.83009925,4480382.23876953,"Jardim Robru",24524,24524,77629.992955635,16090.1518681891,11470.8754193009,14011.3448860918,95190.1431653087,94265.8964823125,449.19,67768723.4226561,2763.36337557724,872.970882032483,2500
203,"Lajeado",36,"São Paulo",47,"Lajeado",276.95,354729.559146082,7397114.62013732,2762437.46557617,"Lageado",17865,18029.1851851852,57057.0126398432,10532.0697520754,8839.7793488885,8381.41092221348,70238.1520585468,69978.8664369296,276.95,50075935.1877705,2777.49297449774,877.647336776307,2452.83554594684
204,"Fábrica Bandeirantes",36,"São Paulo",47,"Lajeado",615.33,356911.68197722,7396517.15805162,6137501.32055664,"Fábrica Bandeirantes",35694,36109.8965409273,115078.988460721,25582.9572611271,22880.3878557307,15965.0642262935,168826.838530621,167121.505820559,615.33,78147230.9887721,2164.14995540625,679.074712369806,1976.33618905948
205,"Fazenda Itaim",36,"São Paulo",35,"Itaim Paulista",462.24,358843.552997444,7399164.83319068,4610423.45874023,"Fazenda Itaim",33135,33483.96875,107393.018309647,19520.3184657868,22273.4595792168,16982.0639263793,146698.480338208,146131.603673837,462.24,81028021.9440391,2419.90495657834,754.499903433298,2201.73287554739
206,"Itaim Paulista",36,"São Paulo",35,"Itaim Paulista",302.19,357305.813697279,7400099.61634886,3014139.76391602,"Itaim Paulista",15181,15181,45914.9961140502,15803.5974374139,15898.4647834039,5533.4112056074,101484.038416454,101053.747845067,302.19,37151617.0215687,2447.24438584867,809.139064920885,1976.33618905948
207,"Jardim das Oliveiras",36,"São Paulo",35,"Itaim Paulista",460.11,358855.876286783,7401005.18385227,4589140.95288086,"Jardim das Oliveiras",24675,24675,79026.0110464688,16946.3073306057,16008.0011671619,11138.4185622113,130680.120053047,130222.634348348,460.11,66210752.022973,2683.31315189353,837.834924807729,2437
208,"Vila Califórnia",36,"São Paulo",20,"Carrão",340.04,342061.173663571,7395273.90411267,3392048.16162109,"Vila Califórnia",14706,14706,42519.0034252001,9757.63885319479,28841.5426892673,11270.3165662009,99971.8106876898,100491.60317457,340.04,53627617.5104274,3646.64881751852,1261.26233425884,3213.12736868523
209,"Vila Carrão",36,"São Paulo",20,"Carrão",440.28,343732.273055167,7394134.44174594,4391908.32763672,"Vila Carrão",14211,14211,42191.997206106,9824.42389730282,12920.2380408797,12758.0117879087,81108.5418224897,80742.5820988279,440.28,52093948.1122164,3665.74823110382,1234.68789253421,3044.22003137203
210,"Jardim Anália Franco",36,"São Paulo",87,"Vila Formosa",334.04,341368.543687892,7393532.15406789,3332249.21191406,"Jardim Anália Franco",11186,11186,32170.0020969439,20399.7285754929,20561.4645982678,10226.499316515,92162.4988387896,94631.0096985663,334.04,63184127.6907431,5648.50059813544,1964.06974113146,4689.11901259924
211,"Vila Formosa",36,"São Paulo",87,"Vila Formosa",417.48,342946.404759392,7392184.60790656,4164537.79882812,"Vila Formosa",20726,20726,62161.9880709963,4729.00622336574,20495.8344297603,14894.0074142728,110104.321432252,111366.744002878,417.48,71629082.2811943,3456.00126803022,1152.29715946963,3213.12736868523
212,"Barreira Grande",36,"São Paulo",4,"Aricanduva",280.1,345276.229538081,7391353.12569107,2794036.52001953,"Barreira Grande",13676,13676,42022.0002743067,8950.87107352624,8749.52341322624,4771.60469859476,54319.7745694099,54432.5698897654,280.1,35904219.9451235,2625.3451261424,854.414823443714,2201.73287554739
213,"Aricanduva",36,"São Paulo",4,"Aricanduva",406.17,345396.734915604,7392676.8442392,4051580.80908203,"Aricanduva",14589,14589,44557.9888600424,10421.8108380563,21845.2859044915,11264.7631625848,86223.4495939773,86003.0801192052,406.17,52025945.0297769,3566.10768591246,1167.60083569282,3044.22003137203
214,"Frei Mont'Alverne",36,"São Paulo",93,"Vila Matilde",225.2,343475.865002572,7395919.79757219,2246476.63232422,"Frei Mont'Alverne",8764,8764,26031.9966642071,12108.541587376,12389.994399524,4738.53898740435,51074.0929273901,52448.0178758554,225.2,23635238.9498284,2696.85519737887,907.930315707433,2452.83554594684
215,"Vila Matilde",36,"São Paulo",93,"Vila Matilde",330.17,345014.70974463,7395616.8191279,3293466.2175293,"Vila Matilde",13295,13295,39194.9940500068,8214.21641725938,18172.0281872421,7490.47280419729,73481.5873711906,74385.3834360438,330.17,43873793.8490068,3300.02210221939,1119.37238191772,2884.19179697777
216,"Cidade Patriarca",36,"São Paulo",93,"Vila Matilde",336.5,346142.415230223,7396291.43727982,3356627.05761719,"Cidade Patriarca",13478,13478,40287.9975181873,11045.4720354412,12417.2942147452,7203.02589378439,69576.0633294039,70142.5365319821,336.5,48744009.3076369,3616.5610111023,1209.88910619428,2954
217,"Cidade A.E.Carvalho",36,"São Paulo",5,"Artur Alvim",265.77,348800.37846284,7396697.99795618,2650989.4609375,"Cidade A.E.Carvalho",11042,11290.8709677419,33081.0043267222,7915.83037264472,10831.9705693919,7415.19225476719,64014.3074287792,64450.7090637125,265.77,41380618.2073714,3664.96245733354,1250.88760300862,3500
218,"Artur Alvim",36,"São Paulo",5,"Artur Alvim",387.27,348049.807585173,7395354.9975822,3862996.94897461,"Artur Alvim",23556,23556,68333.9951819933,14861.1806813003,18623.5820774557,12883.352174871,135556.815826336,135388.754246766,387.27,71771423.9916596,3046.84258752163,1050.3033490214,3033.07996244882
219,"Cidade Líder",36,"São Paulo",24,"Cidade Líder",347.51,346928.690323609,7394105.93415321,3466444.64135742,"Cidade Líder",17615,17615,54475.0016315366,8180.72314313962,17175.4331979436,10041.3717459603,92557.7330714138,92677.2089787115,347.51,49844893.7466598,2829.68457261764,915.004905989825,2400
220,"Santa Marcelina",36,"São Paulo",24,"Cidade Líder",265.94,349501.337264553,7393981.19446673,2652751.12207031,"Santa Marcelina",11001,11727.5,34510.0005566961,7238.06983459615,10732.2205887914,9289.82764161543,63230.2810830064,63154.3465827542,265.94,39375438.9105375,3357.53049759433,1140.98633078397,2624
221,"Parque Savoy",36,"São Paulo",24,"Cidade Líder",444.75,347536.994791643,7392684.07872429,4436407.79248047,"Parque Savoy",14154,14154,44415.9941195415,10126.398179185,17768.7022528352,10192.4289364357,89533.2659329903,90184.3721046808,444.75,57512523.2800918,4063.34063021703,1294.86065594529,3213.12736868523
222,"Vila Carmosina",36,"São Paulo",58,"Parque do Carmo",343.76,350069.086443465,7393152.94155638,3428939.10449219,"Vila Carmosina",14493,15229.0384615385,44511.9943645161,8773.5605284391,16763.8214866589,12347.1117228508,78105.121378801,78806.6819645337,343.76,59202119.3459049,3887.44959147763,1330.02621408263,2884.19179697777
223,"Fazenda Caguaçu",36,"São Paulo",58,"Parque do Carmo",439.53,351916.557194102,7392484.16703273,4384209.02270508,"Fazenda Caguaçu",8356,8356,26491.9947000886,3371.37212977558,10751.5961548399,5114.19830823056,42055.8094305601,41062.2386034058,439.53,21700094.6100514,2596.94765558298,819.118939729322,2500
224,"Parque do Carmo",36,"São Paulo",58,"Parque do Carmo",777.43,350370.012696212,7391149.85756757,7754684.45019531,"Parque do Carmo",0,0,0,4257.45547372029,1818.11683545805,0,12671.7657351563,12683.0612084133,777.43,0,0,0,0
225,"Gleba do Pêssego",36,"São Paulo",46,"José Bonifácio",1028.47,353897.887809097,7392009.62033987,10258581.6484375,"Gleba do Pêssego",10178,10178,31818.0008533842,6822.07574883776,11991.1177595921,6039.22880683261,52437.9516248832,52215.2454375731,1028.47,26664495.460467,2619.81680688416,838.031766462503,2452.83554594684
226,"José Bonifácio",36,"São Paulo",46,"José Bonifácio",416.53,353649.70995005,7395249.62130323,4154664.79589844,"José Bonifácio",34499,34499,102278.015087019,26113.6786970176,20670.3869797647,18485.0646028131,175800.204338697,175398.268365384,416.53,101589394.101118,2944.70547265478,993.267165134998,2923.19360935604
227,"Guaianases",36,"São Paulo",31,"Guaianases",472.34,355627.243083661,7394746.11844323,4711270.88623047,"Guaianases",20519,20519,63968.9938288719,15098.3511306543,15793.4284969758,11502.1099960055,91367.151460905,91147.9321235957,472.34,59215971.8385114,2885.90924696678,925.69803422146,2700
228,"Juscelino Kubitschek",36,"São Paulo",31,"Guaianases",418.82,357382.255865456,7393565.08187476,4177416.06494141,"Juscelino Kubitschek",14012,14153.7058823529,44320.0154673623,8074.09621461911,8813.9807605906,5364.71009075293,59400.3212823856,60518.4743167678,418.82,36733263.0012205,2595.31060674506,828.818821786541,2085.99241623413
229,"Cidade Tiradentes",36,"São Paulo",25,"Cidade Tiradentes",953.59,356764.373577078,7391771.42695644,9511415.5168457,"Cidade Tiradentes",48216.9999999999,48531.388235294,152865.996536033,39970.8829008291,31892.8310466872,17540.6086485869,245669.168375572,246268.599790905,953.59,114926867.525598,2368.09355150527,751.814465805734,2085.99241623413
230,"Santa Etelvina",36,"São Paulo",25,"Cidade Tiradentes",541.3,357643.49637049,7389806.44482108,5399064.63598633,"Santa Etelvina",25065,25718.85,77122.0184909769,23503.2474691268,13952.1958450689,10108.7975022317,121193.577316426,119150.912750623,541.3,69775119.704004,2712.99532070851,904.736689589725,2323.8951481989
231,"Terceira Divisão",36,"São Paulo",32,"Iguatemi",1130.9,355493.012111031,7387459.99422573,11280145.4140625,"Terceira Divisão",10869,10869,35298.0018700857,6105.10305420396,8257.77922706263,5880.55620094922,50015.8009633378,49474.4167055786,1130.9,31644176.6843388,2911.4156485729,896.4863450573,2732.57590976586
232,"Iguatemi",36,"São Paulo",32,"Iguatemi",498.47,353662.283222821,7388470.66741921,4972053.40795898,"Iguatemi",13059,13059,42214.0050712727,13530.5008439073,9555.80996808904,7738.75451096962,74968.7460183127,75001.95569443,503.81,41288945.9638896,3161.72340637795,978.086440606115,2884.19179697777
233,"Sítio Carrãozinho",36,"São Paulo",32,"Iguatemi",323.28,352128.747277246,7388833.01738682,3224583.16918945,"Sítio Carrãozinho",20823,20823,67261.0117566026,13232.1195450303,16657.0962287798,9993.73028884666,94448.674578272,94544.0664312806,323.28,62605776.3504721,3006.56852280997,930.788501621469,2201.73287554739
234,"Parque São Rafael",36,"São Paulo",77,"São Rafael",742.33,352498.397396835,7385805.44306899,7404559.65576172,"Parque São Rafael",21512,21512,70825.9938066946,15195.4780496789,17140.2748576395,7552.89005889357,105668.794847932,105362.968595468,736.99,47120199.1494138,2190.41461274702,665.295276731576,2216.85756587433
235,"Rodolfo Pirani",36,"São Paulo",77,"São Rafael",566.04,350666.215662779,7386698.11139824,5646220.1730957,"Rodolfo Pirani",27246,27246,85409.0157285911,10108.6349589857,23822.6391159071,18274.9241560653,101224.931890654,101099.58948509,566.04,74635734.945973,2739.32815627883,873.862487575634,2323.8951481989
236,"Ipiranga",36,"São Paulo",33,"Ipiranga",91.94,336483.689318894,7390495.71805791,917192.378662109,"Ipiranga",4707,4707,12057.0007120424,5438.68637642824,10920.5374745292,3845.74318241604,42348.2403713249,42468.7821428952,91.94,30379988.4746216,6454.21467487182,2519.69699597666,6500
237,"Sacomã",36,"São Paulo",33,"Ipiranga",90.34,336600.343415747,7389497.89508057,901215.122802734,"Sacomã",3077.99999999999,3077.99999999999,8174.9993678995,1103.83818993738,11761.4579717581,2142.58725580774,48079.6781889379,47303.7235477021,90.34,14123840.0915154,4588.64200504074,1727.68699493421,4442.62190374453
238,"Alto do Ipiranga",36,"São Paulo",33,"Ipiranga",160.81,335812.418948839,7388859.70036885,1604242.29589844,"Alto do Ipiranga",6987,6987,19260.003729837,3208.8838818866,11312.6160917262,4666.31501041719,43595.5861181973,43749.1560394098,160.81,33365335.5066208,4775.34499880075,1732.36391719553,4000
239,"Vila São José",36,"São Paulo",33,"Ipiranga",177.55,335403.135658095,7390257.2958657,1771203.22387695,"Vila São José",5668,5668,15480.000766875,16018.8549209565,17557.2173011038,4734.75205303849,80949.0663943396,81207.4658107477,177.55,26593592.2585961,4691.88289671773,1717.93223134088,3579.57730072334
240,"Vila Monumento",36,"São Paulo",33,"Ipiranga",165.19,335723.991206247,7391646.60820015,1647890.48974609,"Vila Monumento",7240.00000000001,7240.00000000001,19388.9963144797,4597.27739347257,19036.8315910375,6188.56732818776,55955.036333912,56191.2743427194,165.19,37322480.5236803,5155.03874636468,1924.93102367594,4209.08262865571
241,"Vila Independência",36,"São Paulo",33,"Ipiranga",170.22,336728.238154038,7391268.48915357,1698117.99462891,"Vila Independência",3516,3516,9671.99748587582,1875.08725372723,12369.4997767699,2221.52691073297,30083.1233424365,29567.7962146234,170.22,12417327.3947215,3531.66308154762,1283.84311646634,2935
242,"Vila Carioca",36,"São Paulo",33,"Ipiranga",249.11,337922.90326512,7388899.10255722,2485045.8996582,"Vila Carioca",8705,8705,27111.9945299783,1670.39731718108,12534.5219141238,3446.9890732104,52619.5262173995,52062.8898891781,249.11,27133286.3563383,3116.97718050986,1000.78532866095,2452.83554594684
243,"Moinho Velho",36,"São Paulo",69,"Sacomã",347.41,336701.62881837,7387259.88941581,3465777.60058594,"Moinho Velho",16838,16838,44779.0048323864,16802.2640828676,20212.529873612,11320.4372941967,93673.6320742206,93648.7781301619,347.41,64385349.6455177,3823.81218942378,1437.84681876072,3000
244,"Vila Heliópolis",36,"São Paulo",69,"Sacomã",232.81,337941.991998153,7387446.41336631,2322525.37231445,"Vila Heliópolis",20262,22131.12,62303.9949564572,3408.00532357412,10432.6292971856,9931.71079643181,111032.075165453,110313.431958859,232.81,62428684.1381518,2820.85516404735,1002.00130315531,2200
245,"São João Clímaco",36,"São Paulo",69,"Sacomã",198.15,337958.832583347,7385485.85467579,1976668.20581055,"São João Clímaco",8652.00000000001,8652.00000000001,24591.0039588956,1694.36737495592,6730.64706555808,4887.37072844338,32795.7869429487,33127.836147889,198.15,32940810.9179109,3807.30593133505,1339.54721706247,3000
246,"Anchieta",36,"São Paulo",69,"Sacomã",217.08,337282.701502544,7384106.3839266,2165552.7409668,"Anchieta",10426,10426,29972.99884371,13016.8220796787,7198.79836667492,7879.87371904786,46890.3872101978,46925.0731529556,217.08,40294029.5406168,3864.76400734863,1344.34427968734,3579.57730072334
247,"Vila das Mercês",36,"São Paulo",69,"Sacomã",468.94,336224.651653393,7384687.61119996,4678116.02783203,"Vila das Mercês",33838,33838,98763.0089232092,17109.3634145711,21050.8269576635,19619.1865442048,199360.644339142,200303.953498209,468.94,134008021.684847,3960.2819813478,1356.86450975832,3400
248,"Parque do Estado",36,"São Paulo",27,"Cursino",445.41,334499.983505545,7383445.20248989,4443453.28759766,"Parque do Estado",0,0,0,0,2132.40975004423,0,5982.59526618675,5982.59526618675,445.41,0,0,0,0
249,"Água Funda",36,"São Paulo",27,"Cursino",276.3,334760.940800672,7385644.11281995,2756402.9597168,"Água Funda",15186,15186,46815.0092974184,4703.80356748553,14681.2750609204,8359.26187768356,64729.0006498094,64765.9600452144,276.3,43017798.2788179,2832.72739884222,918.889025643963,2500
250,"Jardim da Saúde",36,"São Paulo",27,"Cursino",182.94,334445.453615277,7387391.71486708,1825061.32836914,"Jardim da Saúde",6759,6759,19178.9989346846,3401.64301204296,13100.6764197925,5773.98106208342,46419.0601504078,46380.704655042,182.94,33702808.4318561,4986.36017633616,1757.27672474634,4209.08262865571
251,"Vila Gumercindo",36,"São Paulo",27,"Cursino",137.19,334764.789447333,7388871.24512042,1368616.9140625,"Vila Gumercindo",9141.99999999999,9141.99999999999,24384.0030051364,7736.24335407506,11652.5947779519,7615.31037411648,38477.9532035825,39432.7473353869,137.19,39511305.9415683,4321.9542705719,1620.3781607657,3778.18872313733
252,"Jardim Previdência",36,"São Paulo",27,"Cursino",165.81,335334.464104856,7387234.04008685,1654082.67236328,"Jardim Previdência",7598,7598,22488.9986012447,3832.2724327541,11660.519685094,5223.36792706569,44948.3059765364,44590.7764573154,165.81,25304536.2292237,3330.4206671787,1125.19622051216,2588.93015036554
253,"Tamanduateí",36,"São Paulo",95,"Vila Prudente",112.99,337999.259883097,7390127.3590879,1127161.75390625,"Tamanduateí",1562,1562,5067.99925321163,226.810717286519,6954.61340576187,574.45385450662,13221.330538629,13139.2297035277,112.99,3856671.1154888,2469.05961298898,760.9849415516,2200
254,"Orfanato",36,"São Paulo",95,"Vila Prudente",354.26,339157.935591656,7390956.59990438,3533976.60449219,"Orfanato",12252,12252,34074.0052628203,26826.1118070264,22116.9530665474,10149.680730421,105170.158819998,105743.648935832,354.26,64755291.0734658,5285.28330668183,1900.43085847977,4000
255,"Vila Zelina",36,"São Paulo",95,"Vila Prudente",492.94,340188.63333038,7389303.89161766,4917397.5559082,"Vila Zelina",22919,22919,65500.9917283066,12827.2811838625,21019.8886197344,20962.9814180585,129760.186046284,129207.799483644,492.94,79010452.3727358,3447.3778250681,1206.24818476742,2930
256,"Linhas Corrente",36,"São Paulo",74,"São Lucas",251.81,341393.189117073,7390450.63063819,2511968.52392578,"Linhas Corrente",10272,10272,29469.0014324017,4468.80235677664,9469.05271298472,7053.23756278912,43340.1563270379,42531.4303371228,251.81,28354426.604022,2760.36084540713,962.178059173929,2452.83554594684
257,"Vila Ema",36,"São Paulo",74,"São Lucas",267.22,342496.388699477,7390939.28875102,2665660.60571289,"Vila Ema",15149,15149,44119.9905185614,6081.19743367851,8153.05325001692,9654.8132031637,60172.9572084073,60096.2172156528,267.22,47077511.2745258,3107.63161096612,1067.03357641748,2954
258,"Parque São Lucas",36,"São Paulo",74,"São Lucas",449.68,343179.156742815,7388790.68966471,4485787.52587891,"Parque São Lucas",23421,23988.25,69364.9920247584,10680.3677630616,15985.8391282351,15627.9861917892,94559.2507138209,94002.5397626835,449.68,64995063.6930911,2709.45415747673,937.0009538802,3044.22003137203
259,"Vila Cardoso Franco",36,"São Paulo",78,"Sapopemba",163.88,346144.293378169,7387300.48516168,1634713.32763672,"Vila Cardoso Franco",12351,12351,37944.0002688311,4460.79314528456,10757.527891642,7650.18823221444,48732.3276303556,48580.1332954714,163.88,32172593.2528313,2604.85735995719,847.896716869342,2700
260,"Parque Santa Madalena",36,"São Paulo",78,"Sapopemba",204.85,345326.497512296,7388308.96568824,2043399.01416016,"Parque Santa Madalena",14948,14948,46025.0013161652,6143.67850854571,8903.16648588936,6652.92879364556,56969.3433085148,56644.9752381927,204.85,40049152.7790718,2679.23152121166,870.160817681617,2500
261,"Jardim Colorado",36,"São Paulo",78,"Sapopemba",320.26,344427.371316063,7389914.35953984,3194720.59179688,"Jardim Colorado",18514,18514,56315.9977955642,7099.85583159111,12018.3526700878,13441.4646122586,84469.9804043499,84448.7305941556,320.26,60781257.6730222,3282.98896365033,1079.28936807029,3213.12736868523
262,"Teotônio Vilela",36,"São Paulo",78,"Sapopemba",346.33,346237.297152999,7389435.35692888,3454693.95825195,"Teotônio Vilela",27256,27256,85182.0176816616,10305.7791017378,19291.8699931796,12784.9983500744,114372.124251246,114352.431059017,346.33,74231761.7759604,2723.50167948196,871.448737612392,2452.83554594684
263,"Fazenda da Juta",36,"São Paulo",78,"Sapopemba",329.57,347672.10842889,7387437.79247744,3287498.03369141,"Fazenda da Juta",19766,19766,63211.9927273159,14589.4815626425,15372.0291664277,11386.6268583653,116249.122693598,115682.048767071,329.57,49310454.4485358,2494.71083924597,780.080682810482,2200
264,"São Mateus",36,"São Paulo",75,"São Mateus",427.59,348805.018151445,7388572.20684825,4265227.41064453,"São Mateus",21428,21902.0571428571,66947.9891642685,9920.65384908455,21737.6545562034,15695.279294121,108178.439099372,109373.471766618,427.59,70479006.3746483,3217.91719905331,1052.74269256566,3213.12736868523
265,"Cidade IV Centenário",36,"São Paulo",75,"São Mateus",332.58,347458.345101181,7390219.24343924,3317456.09838867,"Cidade IV Centenário",14388,14388,44246.9942768217,17993.9255633229,15856.3842183859,8886.46840348864,99936.7591082958,100188.49838828,332.58,45747318.5122647,3179.5467411916,1033.90793566805,2000
266,"Rio Claro",36,"São Paulo",75,"São Mateus",218.36,348937.378528579,7390369.23442953,2178108.30395508,"Rio Claro",6094,6094,18759.0028342738,4008.3090175403,6404.72961461498,2255.76251638586,22128.6163902905,21985.7118669123,218.36,15883178.1161424,2606.36332723046,846.696290653732,2708.30529526531
267,"Cidade Satélite",36,"São Paulo",75,"São Mateus",300.48,350611.325994697,7388415.34051726,2997219.95507812,"Cidade Satélite",8159,8159,25209.0020610296,9538.70850153635,10249.5256557795,5456.59958827786,54660.3238451327,54844.4374515868,300.48,28827096.7996973,3533.1654369037,1143.52391776194,2900
268,"Joaquim Nabuco",36,"São Paulo",15,"Campo Belo",198.44,328860.650683218,7385692.4398488,1979751.22607422,"Joaquim Nabuco",4976,5001.59623318742,13975.0000901948,2802.8910810532,11066.7656278175,5223.88409236799,39785.0904015659,39784.755778148,198.44,46548942.448165,9306.81731949808,3330.8724255984,6843.12652172168
269,"Vieira de Moraes",36,"São Paulo",15,"Campo Belo",171.28,329370.0748991,7386464.60383355,1708786.60375977,"Vieira de Moraes",8525.99999999999,8525.99999999999,21459.0038185128,2470.31542506531,18353.6207713271,10426.0981997488,67022.4065040896,66337.416840091,171.28,70855908.9467756,8310.56872469806,3301.91976971679,7300
270,"Campo Belo",36,"São Paulo",15,"Campo Belo",138.57,329765.356878163,7387083.35334193,1382449.7824707,"Campo Belo",3668,3668,9293.99996795088,1754.9912511902,9811.86498604037,4139.2034806426,27523.780523815,27473.234613725,138.57,23055309.4822908,6285.5260311589,2480.66597393953,5223.90246383501
271,"Congonhas",36,"São Paulo",15,"Campo Belo",179.42,331025.602539114,7386009.39967646,1789996.82568359,"Congonhas",0,0,0,138.901158857143,13426.0949283828,0,22796.3746676807,22402.4919931838,179.42,0,0,0,0
272,"Jardim Aeroporto",36,"São Paulo",15,"Campo Belo",198.55,330383.021245686,7384978.11284156,1980801.56469727,"Jardim Aeroporto",7133.99999999999,7133.99999999999,19506.0025784714,3554.46328800043,13027.7874248428,5875.32643459725,41279.7770206385,41859.4854008497,198.55,32664685.3173878,4578.73357406615,1674.59658563972,4209.08262865571
273,"Vila Santa Catarina",36,"São Paulo",37,"Jabaquara",325.71,330689.06337701,7383553.70175762,3249467.81860352,"Vila Santa Catarina",21766,21766,61475.9852291335,7720.10752536833,27077.6511117232,16786.3755101265,118440.516773346,119858.511827422,325.71,93456673.6446502,4293.69997448545,1520.21432916151,3213.12736868523
274,"Jabaquara",36,"São Paulo",37,"Jabaquara",288.72,332052.569830789,7384242.26893186,2880328.1027832,"Jabaquara",13238,13238,35825.9975038691,11566.6320806502,34389.3402771034,12528.6635371447,135925.542646039,134492.354298248,288.72,69062057.0057169,5216.95550730601,1927.70786070251,3987.82002130741
275,"Cidade Vargas",36,"São Paulo",37,"Jabaquara",347.45,333279.543981644,7384588.77523462,3466267.81542969,"Cidade Vargas",14450,14450,38239.0000655992,12671.224385048,24387.7527933061,11997.3142825438,113179.114716961,112411.534306595,347.45,85704103.4312711,5931.07982223329,2241.27470080926,4949.29291547114
276,"Jardim Bom Clima",36,"São Paulo",37,"Jabaquara",445.92,332409.739202346,7382170.75236162,4448680.44018555,"Jardim Bom Clima",29889,30452.8620689655,92604.9859789362,12335.0180579819,23391.1291704519,19580.7131940882,159941.978203415,160340.664994093,445.92,113760852.720053,3735.63747349668,1228.45278272521,3213.12736868523
277,"Cupecê",36,"São Paulo",22,"Cidade Ademar",416.89,329787.740943353,7382275.15870772,4159117.32446289,"Cupecê",20573,20784.5666666667,59452.0014043456,18696.9953227043,26289.3466959307,18642.138200135,124162.004447482,124376.18639252,416.89,80617654.5220197,3878.72674061137,1356.01245740613,3044.22003137203
278,"Jardim Miriam",36,"São Paulo",22,"Cidade Ademar",513.94,332323.410590608,7380371.14200209,5127288.70239258,"Jardim Miriam",44813,44992.7424242424,138838.985911356,22532.128874315,21666.3674911816,19501.5686957068,209677.866285726,209824.242499416,513.94,120129463.269978,2669.97424022882,865.243018604848,2500
279,"Vila Missionária",36,"São Paulo",22,"Cidade Ademar",295.4,330695.894286609,7379940.63555631,2947453.15576172,"Vila Missionária",26669,27459.5789473684,83502.008022913,8625.72740510899,17838.9821086846,7935.79985274714,102021.336322983,101767.870807521,295.4,63337344.9150933,2306.56650040016,758.512835975316,2201.73287554739
280,"Jurubatuba",36,"São Paulo",16,"Campo Grande",482.59,326983.585476674,7381175.99832551,4814759.53051758,"Jurubatuba",7300,7300,20114.0021877784,11244.6001692443,28167.4633183553,6565.00113096683,78494.5380600195,78828.6640518065,482.59,40064239.1783109,5488.25194223437,1991.85814957575,4442.62190374453
281,"Vila São Pedro",36,"São Paulo",16,"Campo Grande",312.58,328244.404870347,7381973.34299501,3118507.15527344,"Vila São Pedro",14777,14959.8,41021.9945875476,9524.02672031165,19470.3346448126,15749.9671458723,85019.2551082388,85231.9465629927,312.58,104021578.690836,6953.40704359922,2535.75136306054,5223.90246383501
282,"Campo Grande",36,"São Paulo",16,"Campo Grande",272.36,329171.187643855,7380200.05103848,2716913.31323242,"Campo Grande",11639,11749.4838709678,33789.9939829298,10041.4470937668,22802.4991049925,9296.21313875367,86888.2724338662,86725.049156745,272.36,41280190.3321594,3513.36201534436,1221.66906430979,3200
283,"Vila Sabará",36,"São Paulo",16,"Campo Grande",234.56,328094.287509918,7379155.43797222,2340196.88671875,"Vila Sabará",3847,3847,10684.0025585515,673.296825381027,3689.0874418566,2839.9833398083,19202.3246763382,19204.2793171973,234.56,15837370.6683909,4116.81067543303,1482.34433505583,4000
284,"Mar Paulista",36,"São Paulo",59,"Pedreira",548.66,330331.130927674,7378372.34030595,5473781.73242188,"Mar Paulista",16660,16660,51001.001514621,14010.6313151447,13016.8501611424,9405.10958735713,81973.8536486401,82308.0888171456,548.66,54448823.2348834,3268.23668876851,1067.60301989901,2800
285,"Pedreira",36,"São Paulo",59,"Pedreira",1302.69,332446.148551446,7376794.2767113,12996261.0969238,"Pedreira",34131,34131,106279.971896279,19408.809878416,27385.853429706,12169.6595152187,169615.085665725,170040.704142637,1302.69,85807284.4885142,2514.05714712473,807.370221853799,2201.73287554739
286,"Vila Socorro",36,"São Paulo",81,"Socorro",293.26,325091.016463761,7381420.71312884,2925827.3515625,"Vila Socorro",3296,3352.75,9119.00201457486,4957.29401784822,19341.1787024219,2166.59839893894,50861.0926601649,50509.3001188943,293.26,14017247.8400737,4180.82106929348,1537.14713711763,3778.18872313733
287,"Parque Interlagos",36,"São Paulo",81,"Socorro",935.66,325324.304253019,7378948.28809878,9335132.11572266,"Parque Interlagos",9172,9356.84582483812,27277.0043197288,7656.8974524492,14731.781504007,8769.88834311335,70743.1676925891,69619.1235772115,935.66,50855410.6653067,5435.10191546697,1864.40600548368,3579.57730072334
288,"Jardim Represa",36,"São Paulo",23,"Cidade Dutra",783.73,325063.346633611,7375244.55132194,7819303.91040039,"Jardim Represa",7074,7074,21829.9983460274,13029.9091820579,8849.84574496283,2541.40754256234,49834.7391292176,50035.153874455,783.73,21106097.7871405,2983.61574599103,966.839183979207,2884.19179697777
289,"Rio Bonito",36,"São Paulo",23,"Cidade Dutra",495.82,327087.354357466,7376925.10897866,4946708.640625,"Rio Bonito",15255,15255,47548.9995243986,12315.2460265123,21065.2779925881,10137.2798362987,94814.3209829909,95684.8119402854,495.82,59684600.818755,3912.46154170796,1255.22306285602,3570
290,"SESC Interlagos",36,"São Paulo",23,"Cidade Dutra",736.48,328767.021645325,7375996.82069378,7347701.77685547,"SESC Interlagos",17283,17283,56064.992599287,8959.46880962536,9715.38561163798,7440.14025754111,89884.5385055915,90077.4951644225,736.48,50471811.6342018,2920.31543332765,900.237550996194,2732.57590976586
291,"Jardim Presidente",36,"São Paulo",23,"Cidade Dutra",762.54,325518.733734586,7372908.78861732,7607912.33935547,"Jardim Presidente",24259,24259,75809.015064501,20927.8118070148,18070.3194556876,16337.7791376734,133198.875290124,132646.491784755,762.54,84328967.5806125,3476.1930656916,1112.3870625263,2937
292,"Vila Natal",36,"São Paulo",30,"Grajaú",415.09,326433.938348636,7371085.13191817,4141384.02807617,"Vila Natal",20493,20493,65632.988327081,13900.316350408,10646.9367105716,9125.62961524494,100459.627200579,98254.9547075391,415.09,52519630.4028447,2562.80829565436,800.201723881807,2000
293,"Grajaú",36,"São Paulo",30,"Grajaú",540.7,327931.259737424,7373328.34725625,5394511.12646484,"Grajaú",27744,28086.294117647,86030.9979959297,20205.9650575041,27179.4391734113,16368.7056800848,146102.527135464,145393.078399354,540.7,79095302.6876988,2816.1530444845,919.381438437352,2201.73287554739
294,"Cocaia",36,"São Paulo",30,"Grajaú",1093.33,330612.08577802,7373135.37830653,10907806.3720703,"Cocaia",35333,35333,113477.014236928,27665.9580307979,15059.8166194668,8700.12413426384,170092.04383046,170081.016559726,1093.33,81756371.2205424,2313.88139191527,720.466358498326,2201.73287554739
295,"Belmira Marin",36,"São Paulo",30,"Grajaú",1236.83,328967.640124484,7370253.02209283,12339628.8400879,"Belmira Marin",35636,36044.4739879576,114179.989800625,26971.5055218963,19584.5277899346,22070.4140112658,169462.403965996,169378.808267477,1236.83,103827502.296357,2880.53870146768,909.331858214866,2700
296,"Bororé",36,"São Paulo",30,"Grajaú",5992.56,330551.146001925,7366010.02328724,59786381.1276855,"Bororé",1285,1285,4147.99965043387,2107.42705834496,1597.42275894699,253.896917726785,9045.17451727639,8972.79399144367,5992.56,2629462.48738067,2046.27430924566,633.910971305321,1872.44435875636
297,"Jaceguava",36,"São Paulo",56,"Parelheiros",3512.69,320604.257837169,7369388.03321296,35048162.7070312,"Jaceguava",951,951,2907.00025721975,357.263886543739,798.499528007466,1150.04479899548,4098.30248453875,4332.82261272379,3512.69,4401335.58237903,4628.11312553,1514.0471939925,3000
298,"Parelheiros",36,"São Paulo",56,"Parelheiros",11667.08,326574.530174802,7361767.17950763,116404611.53833,"Parelheiros",44913,45386.5,145648.014339522,42620.8978194295,27668.1093450073,16042.9260537383,220423.525415759,220189.679856507,11667.08,105964135.330001,2334.70603219021,727.535736141151,2085.99241623413
299,"Marsilac",36,"São Paulo",52,"Marsilac",20795.96,326200.443924562,7351916.61924692,207488986.130859,"Marsilac",2621,2621,8362.99785196808,882.165258607006,2185.82683411569,1671.72960469671,10429.0045484854,10130.7769619099,20795.96,6803580.76118986,2595.7957883212,813.533720995606,2000
300,"Granja Julieta",36,"São Paulo",72,"Santo Amaro",616.88,325936.814205262,7385207.25926251,6154549.12182617,"Granja Julieta",13227,13439.0833333333,34905.0109313267,35867.0475040698,101042.41023345,14756.6680302545,268797.530146267,270426.638804458,616.88,114325555.341122,8506.94593563218,3275.33360657157,6142.57921176239
301,"Chácara Flora",36,"São Paulo",72,"Santo Amaro",452.25,328030.962737151,7384493.5278176,4511925.59057617,"Chácara Flora",4266,4266,12483.0020026203,4648.40893359028,18233.6862057144,6047.95465888011,50386.3485270181,49919.3071600245,452.25,41141271.7061352,9643.99242994262,3295.78347399922,7423.19217359734
302,"Santo Amaro",36,"São Paulo",72,"Santo Amaro",257.11,326630.348064523,7383291.51041603,2565110.2121582,"Santo Amaro",5985,5985,16387.0006275178,19234.3135803132,29701.5104529541,6176.4225755298,119537.648710926,120131.936097525,257.11,53180250.3984093,8885.58903899905,3245.27054140137,8046.5604032218
303,"Vila Miranda",36,"São Paulo",72,"Santo Amaro",271.15,325089.123299712,7383144.03525368,2705245.66162109,"Vila Miranda",3681.00000000001,3681.00000000001,10324.9987762861,50941.6305754403,28696.863681253,2825.34472584025,131371.699331461,131885.700894032,271.15,17215679.2041864,4676.90279928995,1667.37832877292,4000
304,"Jardim São Luís",36,"São Paulo",45,"Jardim São Luís",408.45,322061.90632662,7383325.45118537,4075179.73779297,"Jardim São Luís",26276,26276,78637.9947959043,23330.6217875196,34830.1594303793,14886.3347321962,162940.263655828,164566.506797187,408.45,77522069.6328578,2950.29949889092,985.809338527224,2884.19179697777
305,"Centro Empresarial",36,"São Paulo",45,"Jardim São Luís",675.29,322559.778636713,7382014.35869958,6737526.04443359,"Centro Empresarial",42922.0000000001,44025.7515919456,127291.010842567,30106.6516775588,26282.6642093561,20784.3051937214,207591.913319455,206277.102911631,675.29,124999875.532108,2839.24455601972,982.000808263732,2588.93015036554
306,"Guarapiranga",36,"São Paulo",45,"Jardim São Luís",1513.25,322858.377582384,7378281.09477612,15098019.6865234,"Guarapiranga",27655,28410.1363636364,82208.9806430614,12492.3243045279,19287.7192486428,8033.09235762363,100713.443443154,100780.976866769,1513.25,74519264.6600209,2622.98159031021,906.46136318819,2500
307,"Jardim Capela",36,"São Paulo",42,"Jardim Ângela",2022.05,320227.211010221,7374430.31829306,20175049.5734863,"Jardim Capela",32819,32819,104416.022398551,19845.8435188673,24146.1855817072,20550.2088514173,146468.068792079,145934.788535372,2022.05,95524370.313924,2910.64232042183,914.843987729317,2452.83554594684
308,"Riviera",36,"São Paulo",42,"Jardim Ângela",798.79,319206.450650558,7377031.57687106,7969976.01464844,"Riviera",13756,13756,41879.0098477449,16544.7104019833,8285.01959427677,1694.34496283005,60820.0844149757,61416.44131839,798.79,27755793.804323,2017.72272494352,662.761462251181,1900
309,"Jardim Turquesa",36,"São Paulo",42,"Jardim Ângela",282.87,317806.382186355,7378217.00781753,2822374.25561523,"Jardim Turquesa",21403,21551.334573019,65731.9939007513,11781.1610366525,12416.5143931709,10542.3445309845,78439.7693894431,78525.7477089895,282.87,57210530.8190017,2654.61661435231,870.360496068077,2452.83554594684
310,"Morro do Índio",36,"São Paulo",42,"Jardim Ângela",114.64,319053.607402444,7379611.25276959,1143839.33837891,"Morro do Índio",9522.99999999999,9522.99999999999,28294.9963680295,4385.2510976213,8289.70908257666,2458.8837613305,28732.6728825218,29144.2430558831,114.64,20810860.6758676,2185.32612368661,735.496142327897,2000
311,"Jardim Ângela",36,"São Paulo",42,"Jardim Ângela",463.77,320428.507552758,7379482.6064825,4627238.1953125,"Jardim Ângela",29658,29658,88536.0023492418,24465.7247871938,16564.5004215122,11419.2578617461,150205.844600898,152762.072088274,463.77,70636226.587016,2381.69217705227,797.824892842826,2085.99241623413
312,"Capão Redondo",36,"São Paulo",19,"Capão Redondo",219.39,320271.805542478,7382333.49658403,2188973.60009766,"Capão Redondo",13118,13118,38306.8943993496,19056.1819181844,14727.8054497936,9330.85895689597,93983.18139191,93332.0545268942,219.39,50532504.9145249,3852.15009258461,1319.14909070214,2950
313,"Jardim Sônia Ingá",36,"São Paulo",19,"Capão Redondo",105.38,319645.234958151,7380761.74601645,1051411.46484375,"Jardim Sônia Ingá",8080,8080,24266.0047127961,8776.25219040482,5066.69124620799,4559.7130098009,45306.8200990708,45544.4275083445,105.38,29161128.4604559,3609.05055203662,1201.72763524926,2732.57590976586
314,"Adventista",36,"São Paulo",19,"Capão Redondo",545.26,318040.018962145,7380344.48621796,5440437.05834961,"Adventista",34690,34690,105255.015775879,34577.037362592,27776.5888604516,12616.5965273434,186306.316690827,186290.447484718,545.26,104702375.276567,3018.22932477853,994.749509130397,2452.83554594684
315,"Parque Fernanda",36,"São Paulo",19,"Capão Redondo",512.27,317864.351372169,7382055.70399585,5111266.83447266,"Parque Fernanda",39699,39864.0137133612,122442.024785692,21275.2650241667,31102.2096203744,14758.4586992208,175071.625490736,174826.742045754,512.27,106404052.783341,2669.17560154455,869.015789060809,2452.83554594684
316,"Morumbi",36,"São Paulo",55,"Morumbi",271.46,325233.510842691,7390247.60278318,2708289.52197266,"Morumbi",5710.99999999999,5710.99999999999,15559.9992221958,5526.56041532918,13917.7271422264,7731.63530780048,47000.9660674929,47728.6275673823,271.46,47603304.5443989,8335.37113367169,3059.3384912574,6843.12652172168
317,"Jóquei Clube",36,"São Paulo",55,"Morumbi",333.24,326560.484828931,7390597.63480207,3324612.8359375,"Jóquei Clube",1306,1327.94957983193,4306.00082375648,1076.52210171714,7717.79875298651,2234.41209324464,18368.3411516984,17371.8956491658,333.24,17814975.8840941,13415.4008214294,4137.24395634292,10900
318,"Fazenda Morumbi",36,"São Paulo",55,"Morumbi",320.73,326070.767626764,7388239.98332974,3199831.00561523,"Fazenda Morumbi",7596.99999999999,7596.99999999999,22907.9955848595,2224.42066722323,13046.3616748225,5236.82736211095,47831.2635909817,48145.9427755341,320.73,38493236.0587292,5066.8995733486,1680.34064421465,4949.29291547114
319,"Real Parque",36,"São Paulo",55,"Morumbi",223.42,324718.351524649,7388484.83444483,2229001.85205078,"Real Parque",3035.99999999999,3035.99999999999,9014.99865526576,5350.6873398427,20403.6389811141,3689.96958053482,39853.191707701,40060.7775802543,223.42,28990362.5737675,9548.86777792081,3215.79222386616,6142.57921176239
320,"Paraisópolis",36,"São Paulo",85,"Vila Andrade",361.95,324742.053121802,7386839.23084044,3611111.75805664,"Paraisópolis",24783.9999999999,24783.9999999999,73860.9932641966,12443.9491803271,12102.2783187611,7876.23904818593,100266.093379057,99947.9546256978,361.95,84015795.9315466,3389.92075256402,1137.48532504873,1976.33618905948
321,"Jardim Vitória Régia",36,"São Paulo",85,"Vila Andrade",370.18,323717.397619009,7385384.70703621,3693326.21875,"Jardim Vitória Régia",15862,15862,42795.0043263378,8125.13855294806,23344.7326103584,24226.3728231146,100031.386789589,99828.0514478375,370.18,177604345.629441,11196.8443846577,4150.11865111872,10540.7080788983
322,"Vila Suzana",36,"São Paulo",85,"Vila Andrade",300.5,322493.250201496,7386088.80569647,2998134.33276367,"Vila Suzana",14938,14938,39439.9934041133,8489.50888590673,20774.7659899228,17032.4624344572,83449.2275897453,82279.154635261,300.5,92458025.859327,6189.45145664259,2344.27082459107,5513.74861373784
323,"Parque Arariba",36,"São Paulo",17,"Campo Limpo",346.59,320867.334091928,7384279.2153689,3458059.18115234,"Parque Arariba",21065,21611.5652173913,62710.0135863242,12215.2483319461,10987.953748507,14417.4223392337,96393.6698409921,96127.7839645409,346.59,85735953.255807,3967.13298612973,1367.18122597416,3124
324,"Jardim Mitsutani",36,"São Paulo",17,"Campo Limpo",349.31,318717.631147607,7384137.69400997,3485209.48046875,"Jardim Mitsutani",23063,23063,71350.9880870191,17782.9958986246,22540.0174273226,8929.03549610959,97554.3488980493,97998.3242624594,349.31,59549141.9252167,2582.02063587637,834.594495770557,2085.99241623413
325,"Pirajussara",36,"São Paulo",17,"Campo Limpo",270.05,320000.753001042,7385443.73751022,2694357.83203125,"Pirajussara",13085,13514.237037037,40056.9899973676,17380.6516150084,11288.8274150761,7520.3585639138,87923.0318970055,88567.327848493,270.05,49097341.2612262,3633.00873935171,1225.68723372507,3213.12736868523
326,"Jardim Umarizal",36,"São Paulo",17,"Campo Limpo",294.91,321109.182482362,7386424.7182495,2942347.73779297,"Jardim Umarizal",16960,16960,51055.0123105923,9379.81232025424,11396.4127107366,9723.76237923892,65953.580855362,64075.6910037319,294.91,56473307.603952,3329.7940804217,1106.12660830239,2884.19179697777
327,"Portal do Morumbi",36,"São Paulo",96,"Vila Sônia",151.43,323239.905966363,7387973.99033142,1510873.37817383,"Portal do Morumbi",6587.99999999997,6587.99999999997,19722.9975566777,1141.29598028886,6534.80316663325,8047.86728322241,31616.1613929044,31759.8066081468,151.43,58140556.0532281,8825.22101597273,2947.85596794556,7222.81467427629
328,"Jardim Jussara",36,"São Paulo",96,"Vila Sônia",231.55,322037.181517734,7388199.52464497,2310198.95898438,"Jardim Jussara",8183,8183,22657.0036894377,6690.01211625729,15235.3330975741,10664.4339243262,51626.9225359658,53169.3947154096,231.55,63869758.9277773,7805.17645457379,2818.98523755602,6142.57921176239
329,"Vila Sônia",36,"São Paulo",96,"Vila Sônia",348.44,323418.953462146,7389531.16699101,3476380.63867188,"Vila Sônia",11903,11903,34405.99924708,8788.18296362884,21336.3729968877,10781.3020191636,89905.6464941981,90098.0792451435,348.44,76470557.9202649,6424.47768800006,2222.59372184213,5000
330,"Jardim Maria do Carmo",36,"São Paulo",96,"Vila Sônia",277.55,321578.32612665,7389773.81272733,2769189.79248047,"Jardim Maria do Carmo",13529,13529,42282.0040766937,4377.10358438037,13889.1841773984,9584.99082032152,63434.4040556977,63833.0187213496,277.55,55807653.1454406,4125.03903802502,1319.8913902996,3391.40646241033
331,"Jardim Cambará",36,"São Paulo",66,"Raposo Tavares",480.2,319162.259043533,7389699.1438768,4791179.65698242,"Jardim Cambará",13529,13529,42177.0082598711,7814.39124430222,13167.3535900114,8960.88446437585,70201.726121166,70124.8759917519,480.2,61667314.8447152,4558.1576498422,1462.10737529688,3213.12736868523
332,"Jardim João XXIII",36,"São Paulo",66,"Raposo Tavares",467.65,316877.853690572,7389286.23797558,4666056.57324219,"Jardim João XXIII",13702,13882.5555555555,43732.013376062,13014.7286898309,13303.8338928937,9738.11482295278,81663.1907088736,81805.5013125263,467.65,44323733.0962176,3192.7646836234,1013.53058490738,2588.93015036554
333,"Raposo Tavares",36,"São Paulo",66,"Raposo Tavares",271.34,317136.139060104,7390723.50559954,2707342.71362305,"Raposo Tavares",6690,6690,19964.9991629171,3844.2462956493,8580.27465373983,4696.57058182076,34489.2794000106,34495.2957033521,271.34,21228234.6113916,3173.12923937095,1063.27250195036,3044.22003137203
334,"Rio Pequeno",36,"São Paulo",68,"Rio Pequeno",245.75,321718.96413564,7392398.6800269,2451848.97827148,"Rio Pequeno",12117,12117,36683.0027223753,8248.52231332467,15380.759551758,5575.93798235648,68189.3980304227,68377.1579257709,245.75,39698969.3589227,3276.30348757305,1082.21700549906,2500
335,"Jardim Ester Yolanda",36,"São Paulo",68,"Rio Pequeno",264.93,320565.653129872,7391373.22439865,2643299.30883789,"Jardim Ester Yolanda",13398,13398,40378.0090053717,7018.3525303573,10114.1027464226,9799.46327815163,68772.0704772375,68966.8429893656,264.93,62682374.2025974,4678.48740129851,1552.38893017876,3579.57730072334
336,"Jardim Adalgiza",36,"São Paulo",68,"Rio Pequeno",467.13,319867.300406824,7392480.08899078,4660703.39599609,"Jardim Adalgiza",14943,14943,45584.9920486415,4162.64126360991,10316.7836023177,10309.9809084972,60761.160436793,60524.3237187063,467.13,53820887.9619251,3601.74583162184,1180.6712153091,2732.57590976586
337,"Parque Continental",36,"São Paulo",40,"Jaguaré",226.38,321098.965587632,7394708.45690403,2258593.7487793,"Parque Continental",8657,8657,22536.9965255428,6371.37064053318,15255.3738609242,7464.76344993375,52311.94568079,52854.4650732987,226.38,45592587.1852502,5266.55737383045,2023.01079176974,3987.82002130741
338,"Jaguaré",36,"São Paulo",40,"Jaguaré",430.44,321742.238808627,7395462.36047266,4294566.93017578,"Jaguaré",10529,10529,31544.0073004044,6386.67164618681,21706.5480534596,5195.53709501733,71442.7009087251,71115.2212588467,430.44,38847835.4550037,3689.60351932792,1231.54408014944,2600
339,"Cidade Universitária",36,"São Paulo",12,"Butantã",584.56,323717.844723598,7393195.71827795,5832144.01342773,"Cidade Universitária",0,0,0,54277.4075435674,26884.725540326,0,89703.5618850202,89644.8748441167,584.56,0,0,0,0
340,"Butantã",36,"São Paulo",12,"Butantã",207.11,325478.642390839,7392353.64285003,2066340.5690918,"Butantã",2846.99999999999,3065.83902439024,7737.99740805715,1835.70067698401,13603.1616392972,3095.90628351417,39505.9403710017,39510.3928519241,207.11,27423546.6762748,8944.87494552297,3544.01083770333,6000
341,"Jardim Caxingui",36,"São Paulo",12,"Butantã",180.08,324414.443363271,7391313.63900963,1796652.25610352,"Jardim Caxingui",3866,3866,10541.0004438773,3725.71102143987,8790.11609332858,3063.54789343907,30015.6785106205,29662.4483472368,180.08,26052671.8191392,6738.92183630088,2471.55589811892,6710.34548467697
342,"Jardim Bonfiglioli",36,"São Paulo",12,"Butantã",319.97,322740.882677515,7391224.62818213,3192309.24462891,"Jardim Bonfiglioli",12797,12797,35706.9946564311,5298.41761719535,14867.2377062207,10931.7462726621,69660.2097044302,69709.8559959623,319.97,73464631.2187861,5740.76980689116,2057.42969761681,5500
343,"Melhoramentos",4,"Caieiras",100,"Caieiras",2875.06,327699.449140503,7412005.93451089,28682482.1879883,"Melhoramentos",1181,1181,3576.99983279678,97.8844639473684,574.805419415205,969.309072852075,3799.43588458147,3778.55517013296,2875.06,3971892.42569359,3363.16039432141,1110.39771075081,3318.5213863141
344,"Caieiras",4,"Caieiras",100,"Caieiras",1990.04,323406.922879233,7413736.21556245,19853892.3522949,"Caieiras",17209,17209,52689.9963496005,13624.8501367772,28004.6353888973,10599.5928689551,109203.845936279,109450.349767811,1990.04,60249048.8291289,3501.01974717467,1143.46276339391,3044.22003137203
345,"Serpa",4,"Caieiras",100,"Caieiras",691.49,320558.417371963,7417461.8438213,6898858.21118164,"Serpa",13002,13002,41145.9929840364,7968.57198507864,9840.42804051414,5771.32002694254,38673.7203650897,38673.7203650897,691.49,36399118.7283382,2799.50151733104,884.633377117915,2732.57590976586
346,"Santa Inês",4,"Caieiras",100,"Caieiras",4080.68,316838.316189098,7414328.78917335,40713809.5192871,"Santa Inês",0,0,0,0,378.649623374214,0,124.908355080239,124.908355080239,4080.68,0,0,0,0
347,"Cajamar",5,"Cajamar",101,"Cajamar",4855.8,311271.387819592,7413587.45877266,48449934.8168945,"Cajamar",22993,23599.04,69567.0199333627,16610.366420383,27940.972026456,19952.9553134458,118232.551647171,118149.102875209,4855.8,71528407.9066127,3030.98803623421,1028.19422155971,2440
348,"Jordanésia",5,"Cajamar",101,"Cajamar",8307.85,307118.405689308,7417959.21002381,82896260.0422363,"Jordanésia",1657,1700.26666666667,5011.00153101333,501.25993582182,2794.56132857134,1415.41137318099,9149.55553914606,9059.53519798198,8307.85,4577373.82454871,2692.15053984593,913.46486250685,2085.99241623413
349,"Cristais",13,"Franco da Rocha",109,"Franco da Rocha",4251.83,315695.98623373,7421587.4448417,42421408.2724609,"Cristais",0,0,0,0,257.966531351186,0,292.310169669412,292.310169669412,4251.83,0,0,0,0
350,"Baltazar Fidélis",13,"Franco da Rocha",109,"Franco da Rocha",2505.16,320546.516088973,7420501.1543718,24993445.1066895,"Baltazar Fidélis",21377,21377,71943.9939409683,11946.8389185704,9827.21654779265,11360.4792584453,64960.9471777758,63964.6039539971,2505.16,46890491.0768932,2193.50194493583,651.763802762576,2201.73287554739
351,"Franco da Rocha",13,"Franco da Rocha",109,"Franco da Rocha",1417.58,325519.295841415,7420568.76640411,14142251.0119629,"Franco da Rocha",22744,25228.192513369,75681.009459589,19214.7696676843,15225.9568257449,13509.6944801287,117117.009012309,116457.576175511,1417.58,62888820.5917085,2492.79929818128,830.972274825283,2452.83554594684
352,"Parque do Juqueri",13,"Franco da Rocha",109,"Franco da Rocha",2551.34,326515.415632338,7417152.66173384,25452955.380127,"Parque do Juqueri",0,0,0,0,4932.90520680751,0,6832.92778933538,7507.17860681946,2551.34,0,0,0,0
353,"Palmares",13,"Franco da Rocha",109,"Franco da Rocha",2721.22,329566.188512529,7422422.44365466,27146843.145752,"Palmares",0,0,0,0,476.232547077281,0,378.795172360441,378.795172360441,2721.22,0,0,0,0
354,"Sete Voltas",12,"Francisco Morato",108,"Francisco Morato",560.42,319037.750546035,7425619.55248486,5591259.2355957,"Sete Voltas",0,0,0,0,434.720786707693,0,492.596098632473,492.596098632473,560.42,0,0,0,0
355,"Afonso Moreno",12,"Francisco Morato",108,"Francisco Morato",744.81,320938.628483188,7423713.28749407,7430712.34228516,"Afonso Moreno",19075,19075,58623.9957040223,12867.0716888628,17615.7432163875,10262.217077299,87803.5568826444,87400.9292692788,744.81,46799673.2244442,2453.45600128148,798.302344669986,2323.8951481989
356,"Francisco Morato",12,"Francisco Morato",108,"Francisco Morato",1857.33,323324.647623613,7424679.20657027,18529615.0490723,"Francisco Morato",33388,33388,105824.02115399,24730.0837044703,14310.978427534,11935.6667738421,131633.250329005,131109.738909757,1857.33,71796175.7152166,2150.35868321603,678.448757969066,2000
357,"Cascatas",12,"Francisco Morato",108,"Francisco Morato",1758.38,326828.161091801,7426085.33908583,17541850.1557617,"Cascatas",1621,1621,5221.99866413953,823.118637402437,791.158663799701,497.528829108941,4794.2426445587,4778.61538089868,1758.38,3497595.66298979,2157.67776865502,669.781033650671,2143.86264589076
358,"Mairiporã",21,"Mairiporã",117,"Mairiporã",4886.1,339688.921058979,7419174.75815122,48739863.4060059,"Mairiporã",13692,13692,43903.9942125637,8692.2295359418,14358.331450146,8542.82366019772,55284.8817322444,54688.2496352573,4886.1,43705512.1318404,3192.04733653524,995.479179416744,2000
359,"Paiva Castro",21,"Mairiporã",117,"Mairiporã",6751.3,333379.097397762,7413787.20289411,67349592.9580078,"Paiva Castro",5629,5629,17804.9953949029,1990.94056093923,8250.91515107252,3451.78686441816,24556.2248844551,24396.0474837175,6751.3,17568174.8299032,3121.01169477761,986.699206613248,2201.73287554739
360,"Colinas",21,"Mairiporã",117,"Mairiporã",5553.1,334491.208276786,7423706.83959364,55395298.7832031,"Colinas",5732,5732,18078.002965436,3169.54595307815,9922.0214638565,3786.06910282088,27205.1756546803,27358.1118072312,5553.1,13701684.1042405,2390.38452621084,757.920226611161,2000
361,"Pirucaia",21,"Mairiporã",117,"Mairiporã",14953.5,345967.345931651,7422788.51097572,149156283.208252,"Pirucaia",4295,4295,14906.0008827397,2004.78909055851,4834.88425293832,2605.94242008666,16341.4290184642,16565.4615590306,14953.5,9980254.752696,2323.6914441667,669.54609966866,2000
362,"Guarulhos",15,"Guarulhos",111,"Guarulhos",164.41,343391.581070133,7404032.29125567,1639994.54370117,"Guarulhos",5117.00000000001,5117.00000000001,13285.0000437929,27709.353676732,30264.1669569895,4568.74629562655,121603.427687575,121218.832004671,164.41,24338106.1096075,4756.3232576915,1831.99894839134,4600
363,"Macedo",15,"Guarulhos",111,"Guarulhos",382.09,344669.134273793,7404705.20626715,3811382.40527344,"Macedo",14881,14881,41525.0007822917,16353.6060542907,34785.4722852455,10150.0408312949,127463.498854659,128781.01985843,382.09,63995303.5660297,4300.47063813116,1541.12708875181,3579.57730072334
364,"Cumbica",15,"Guarulhos",111,"Guarulhos",689.34,349332.091322513,7403939.76487347,6875938.81542969,"Cumbica",4172,4172,13419.0028384336,1443.85040180392,27065.0564550408,1878.70149458155,42524.4105189049,42888.0738140896,689.34,7926599.67287189,1899.95198295108,590.699604755219,1500
365,"Várzea do Palácio",15,"Guarulhos",111,"Guarulhos",646.76,346243.912336569,7403569.74891352,6451375.5637207,"Várzea do Palácio",1619,1619,4709.00133868635,321.255515494505,16452.8488828623,1179.40029973559,25788.018748424,24518.9721484714,646.76,6301848.15915096,3892.43246395983,1338.2557586847,3391.40646241033
366,"Ponte Grande",15,"Guarulhos",111,"Guarulhos",874.87,342331.928189971,7401317.7255999,8727085.70556641,"Ponte Grande",10971,10971,31524.9939738559,6935.3080032317,37648.5474579517,9715.00944494164,97909.4602188442,96566.8289869062,874.87,42162029.5515596,3843.0434373858,1337.41594325205,3579.57730072334
367,"Gopouva",15,"Guarulhos",111,"Guarulhos",202.39,342491.907014685,7403041.65134658,2018846.84619141,"Gopouva",10201,10201,27783.9973590963,4988.23518657188,11390.8924223463,9060.04317027876,50310.1909232842,49926.2136513601,202.39,41980271.3917229,4115.30941983364,1510.95146062483,3213.12736868523
368,"Vila São Rafael",15,"Guarulhos",111,"Guarulhos",401.04,340971.965872306,7403671.91657252,4000537.60668945,"Vila São Rafael",17772,17772,52057.0113128313,13385.4795942861,20825.3819805725,8085.79483616913,92873.5802616643,92983.8420312432,401.04,63942854.1690582,3597.95488234628,1228.32357364506,3500
369,"Vila Rosália",15,"Guarulhos",111,"Guarulhos",434.65,340978.390474495,7405900.21029767,4335782.47802734,"Vila Rosália",18787,18787,55982.9929573644,18053.1306733054,21184.7359739536,15887.9251156374,114852.986494303,114737.180899266,434.65,82634541.2989166,4398.49583748957,1476.0650857279,3778.18872313733
370,"André Luiz",15,"Guarulhos",111,"Guarulhos",579.59,342619.789339829,7405936.4330802,5781482.71411133,"André Luiz",29204,29975.8,85786.009931169,20711.5019309525,32461.1550093081,25852.8788695979,160750.108971277,160603.278798548,579.59,102114927.860796,3406.5789023411,1190.34476533795,3400
371,"Jardim Santa Clara",15,"Guarulhos",111,"Guarulhos",462.74,344242.619612918,7407092.69910593,4615862.23120117,"Jardim Santa Clara",24919,24919,75496.0030235037,16347.7706264094,9976.72574792196,21006.5932950676,105695.47827411,106021.762718567,462.74,89001341.2433942,3571.62571705903,1178.88812227166,3391.40646241033
372,"Parque CECAP",15,"Guarulhos",111,"Guarulhos",471.79,346364.023466105,7405847.45180506,4706094.97802734,"Parque CECAP",22385,22999.25,66737.9947258417,12560.1790396303,13916.0749126303,14166.402995457,102369.704317686,102505.425166747,471.79,71318488.2564733,3100.90495370385,1068.63397004133,2450
373,"Taboão",15,"Guarulhos",111,"Guarulhos",529.11,346527.882698956,7408119.42041742,5277798.99609375,"Taboão",21779,21779,70679.0114165726,20519.8306364132,20586.7440134012,15588.8074659988,144841.713636514,145009.96420389,529.11,65510010.8672497,3007.94393072454,926.866541484889,2732.57590976586
374,"Aeroporto",15,"Guarulhos",111,"Guarulhos",1324.93,349465.849889109,7407770.55563848,13215668.223877,"Aeroporto",0,0,0,0,17785.7945458673,0,40915.7337331291,37108.5675050214,1324.93,0,0,0,0
375,"Jardim Presidente Dutra",15,"Guarulhos",111,"Guarulhos",892.25,352132.996428177,7407567.87677308,8899700.30444336,"Jardim Presidente Dutra",27319,27319,87688.9880447958,18528.1702429968,31779.6411750862,15230.0500911804,127978.918909346,128211.451709757,892.25,80048693.1996989,2930.1472674585,912.870532372959,2862
376,"Baquirivu",15,"Guarulhos",111,"Guarulhos",1046.37,357203.905526845,7409910.52879422,10436530.1564941,"Baquirivu",12773,14425.9675925926,40451.9909841303,12172.04630168,19818.4404059226,8882.28081298678,92449.8590600967,93922.3978496821,1046.37,36632051.5779999,2539.31331419389,905.568568735494,2085.99241623413
377,"Água Chata",15,"Guarulhos",111,"Guarulhos",2422.5,356989.094981117,7406201.14699493,24162266.3723145,"Água Chata",57841.0000000001,57841.0000000001,187611.000168596,44791.7994890154,56986.3936717294,35991.5859460877,364740.666834841,364271.364145516,2422.5,168800096.490648,2918.3467867196,899.734537628162,2452.83554594684
378,"Pimentas",15,"Guarulhos",111,"Guarulhos",1685.56,352536.184049247,7404735.28514701,16812593.5341797,"Pimentas",31063,31063,98638.9830214946,18832.4582322074,38668.1601703936,18915.7249563682,133416.675280873,132335.328086864,1685.56,76753252.4084746,2470.88988212583,778.122908989736,2452.83554594684
379,"Cabuçu",15,"Guarulhos",111,"Guarulhos",752.36,341475.87565539,7408383.18798017,7504963.35668945,"Cabuçu",19028,19028,60115.9964870869,8687.99743164643,13236.3393765643,10729.1168461569,91141.4994036919,91260.8475260018,752.36,60041845.290366,3155.446988142,998.766531355148,2588.93015036554
380,"Invernada",15,"Guarulhos",111,"Guarulhos",2194.83,345992.806074136,7410982.17555357,21893116.3181152,"Invernada",31384,32107.1363636364,104648.012652329,22066.2874130568,17487.1146660954,10296.3213238582,137190.519709968,136591.73117571,2194.83,87615193.0830263,2728.83860119823,837.237046957681,2588.93015036554
381,"Morro dos Macacos",15,"Guarulhos",111,"Guarulhos",3533.19,345826.570659438,7413987.85393817,35242951.1503906,"Morro dos Macacos",0,0,0,0,0,0,0,0,3533.19,0,0,0,0
382,"Chácaras Bananal",15,"Guarulhos",111,"Guarulhos",1815.89,350729.069045754,7411783.38201971,18112558.2290039,"Chácaras Bananal",30358,32917.6731634183,98770.9665008621,19455.1280422954,18544.5966573909,15417.5980822594,178041.47884353,178819.120717984,1815.89,74093045.3122451,2250.85913407104,750.150048512469,2000
383,"Estrada de Nazaré Paulista",15,"Guarulhos",111,"Guarulhos",1215.48,354160.027287749,7410988.37542241,12123454.1586914,"Estrada de Nazaré Paulista",23448,23448,76800.9944909944,19291.3551872778,14757.8779770874,9772.44260391047,109918.599255948,110383.854131786,1215.48,61907387.2135889,2640.19904527418,806.075333058976,2323.8951481989
384,"Água Azul",15,"Guarulhos",111,"Guarulhos",3389.29,355611.171473818,7414673.75227462,33805043.7824707,"Água Azul",8952,9546.84210526317,28883.9952108554,6180.72258982851,9037.79366337765,4885.00668813245,49910.1426363527,49537.574685152,3389.29,23141347.9413276,2423.97933119369,801.18237703593,2201.73287554739
385,"Vasconcelândia",15,"Guarulhos",111,"Guarulhos",5829.8,358656.037251271,7419679.86155814,58145286.9799805,"Vasconcelândia",0,0,0,0,452.047259064934,0,843.843424227313,843.843424227313,5829.8,0,0,0,0
386,"Arujazinho",1,"Arujá",97,"Arujá",4190.39,363439.820243663,7415515.72500974,41793034.5349121,"Arujazinho",1165,1165,3893.99953642857,1071.2054909844,4158.79381752875,675.410135067693,10029.4675263249,10163.4817347673,4190.39,2679113.73718171,2299.6684439328,688.010800237252,1988.16809452974
387,"Arujá",1,"Arujá",97,"Arujá",3193.71,364952.005844996,7412079.48607462,31852396.6450195,"Arujá",23499,24203.3342985449,76091.0014508365,19391.3788421652,30542.2350490411,14039.7102703703,131530.278373933,128975.717316368,3193.71,69452365.0542059,2869.53707276528,912.753988381662,2878.78305776426
388,"Fazenda Velha",1,"Arujá",97,"Arujá",2249.46,368921.904600023,7410250.33707933,22434462.0639648,"Fazenda Velha",1972,1972,6394.00020653193,1104.72714704606,3180.71394321178,1119.38018522567,9972.42426566357,10236.5213937813,2249.46,4956188.80199441,2513.28032555497,775.131160760881,2201.73287554739
389,"Santa Isabel",30,"Santa Isabel",126,"Santa Isabel",3989.66,376828.669775761,7419535.88620523,39787380.2885742,"Santa Isabel",13237,13839.9941520468,40476.9939154464,8256.59359145558,16906.249943642,5989.32360765809,76349.9319182055,76863.4097672193,3989.66,38497627.4588476,2781.62165647695,951.098975859384,2085.99241623413
390,"Jaguari",30,"Santa Isabel",126,"Santa Isabel",32425.2,372496.137891261,7424504.78459068,323370540.680176,"Jaguari",4528,4976.7153467831,13603.0005781902,968.927124282768,2720.26202202815,1961.47098464614,16383.6659889032,15756.2855204959,32425.2,15831954.49031,3181.20555167851,1163.85751800184,2300
391,"Ferraz de Vasconcelos",11,"Ferraz de Vasconcelos",107,"Ferraz de Vasconcelos",991.01,360466.202847052,7394253.92865396,9884399.87915039,"Ferraz de Vasconcelos",26622,26622,82615.9934425571,23663.2128944821,19106.9661066473,15458.8439467378,109136.250666298,112578.650043459,991.01,59736570.5875184,2243.8798958575,723.063030514221,1954
392,"Paiol Velho",11,"Ferraz de Vasconcelos",107,"Ferraz de Vasconcelos",1027.08,359596.925226541,7390371.2193079,10244333.215332,"Paiol Velho",0,0,0,0,485.367296949749,0,977.565044774707,977.565044774707,1027.08,0,0,0,0
393,"Santos Dumont",11,"Ferraz de Vasconcelos",107,"Ferraz de Vasconcelos",945.21,359323.745985777,7396759.30727417,9427609.34423828,"Santos Dumont",33179,33179,104804.001156359,18238.1884717216,24782.1468444187,17044.8763263404,145005.068515661,141809.250839126,945.21,83870216.382324,2527.81025294084,800.25777123906,2452.83554594684
394,"Jardim São José",26,"Poá",122,"Poá",407.85,362397.15367044,7394418.64044741,4067823.89306641,"Jardim São José",6077,6142.60869565218,20038.9992087049,2939.97599662957,4019.34390600935,3595.80926552161,34263.0076298105,34891.4779467055,407.85,15217300.3397654,2477.33513458808,759.38424775001,2300
395,"Poá",26,"Poá",122,"Poá",1322.41,362586.035174624,7397951.62796284,13189487.3068848,"Poá",29554,29554,93454.9829656944,26398.8129440807,30491.3144220466,12068.6231064445,147730.086495344,147689.588885876,1322.41,78085756.4735045,2642.13833909131,835.544066196752,2200
396,"Itaquaquecetuba",18,"Itaquaquecetuba",114,"Itaquaquecetuba",1132.92,362158.779072647,7401194.6049831,11299577.6757812,"Itaquaquecetuba",33408,33408,106622.999336609,23754.863598648,29456.955945918,18310.8408887296,191432.632786278,191184.791734708,1132.92,92369895.1965765,2764.90347211975,866.322423597978,2452.83554594684
397,"Quinta da Boa Vista",18,"Itaquaquecetuba",114,"Itaquaquecetuba",1419.81,362304.399692091,7403997.80379118,14160924.9741211,"Quinta da Boa Vista",22478,22802.0563380281,71597.9986205334,22310.2639119788,24159.4881996085,4877.42513762537,117372.180470217,118377.455480124,1419.81,51538967.9254582,2260.27719436444,719.838108864086,2201.73287554739
398,"Bonsucesso",18,"Itaquaquecetuba",114,"Itaquaquecetuba",3075.76,362224.199425459,7406754.03589038,30676829.7756348,"Bonsucesso",34453,34453,110432.990132642,23065.9152287,23415.1643605903,18477.8415297238,151277.780281564,151591.634049025,3075.76,76627605.9029608,2224.11998673441,693.88328443269,2000
399,"Pinheirinho",18,"Itaquaquecetuba",114,"Itaquaquecetuba",2650.99,367089.966910773,7404431.83342578,26439548.0737305,"Pinheirinho",21758.9999999999,21758.9999999999,70562.9878403573,13018.3890816376,11849.2642871157,7926.83942609187,78384.795677164,77878.2438581518,2650.99,49082317.9113272,2255.72489137034,695.581627330914,1976.33618905948
400,"Miguel Badra",37,"Suzano",132,"Suzano",3270.75,367742.251838502,7399128.94784866,32620806.2145996,"Miguel Badra",33931,33931,111947.986674807,20289.2077986221,31750.259819458,14412.9744016023,164405.292960917,165431.754560195,3270.75,92928324.8886102,2738.74406556277,830.10269008726,2323.8951481989
401,"Suzano",37,"Suzano",132,"Suzano",3452.13,366312.792150058,7393751.04210366,34430465.8925781,"Suzano",43772,43772,136108.002279093,43724.1044248898,54715.2836102849,25266.1139034624,304051.215548582,303346.909997222,3452.13,114618011.698207,2618.52352412975,842.110748662524,2300
402,"Guaió",37,"Suzano",132,"Suzano",8721.28,367700.571010165,7382911.33945942,86983878.8149414,"Guaió",6383,6383,20755.0046919896,4659.99370957999,5380.28512825417,4653.56048426141,29495.9935538128,29495.9935538128,8721.28,16624556.8287092,2604.50522148037,800.990270800827,2085.99241623413
403,"Ouro Fino",37,"Suzano",132,"Suzano",5222.79,363161.689808171,7387834.44730932,52091967.2138672,"Ouro Fino",4788,4788,15737.0015845069,2381.67558458018,3908.27087928125,2425.20348094263,23150.294937758,23155.6538026739,5222.79,12054109.2007054,2517.566666814,765.972420856378,2000
404,"Mogi das Cruzes",23,"Mogi das Cruzes",119,"Mogi das Cruzes",1358.15,378661.689415287,7396215.16004345,13544670.8134766,"Mogi das Cruzes",30232,30232,87648.008571938,34733.5638195917,50733.2786369304,18321.1701704683,246083.199822767,245741.530332059,1358.15,98513278.3603173,3258.57628871121,1123.96482208106,3000
405,"Estudantes",23,"Mogi das Cruzes",119,"Mogi das Cruzes",995.8,377726.131000343,7399238.31004426,9930996.42260742,"Estudantes",12462,12462,33892.0037100976,17327.1157394203,19179.7147487492,9718.79677881226,78612.2994363945,78505.6904342304,995.8,56776276.0942766,4555.95218217595,1675.21155078126,3579.57730072334
406,"Vila Oliveira",23,"Mogi das Cruzes",119,"Mogi das Cruzes",2914.74,381100.213449978,7394184.13386307,29067965.6481934,"Vila Oliveira",11713,11846.8,35117.9921707362,15659.6162672812,22450.6940047847,9196.81477908194,92525.0738106838,92262.0287803175,2914.74,52672560.8508713,4446.14249002864,1499.8739277231,3391.40646241033
407,"Brás Cubas",23,"Mogi das Cruzes",119,"Mogi das Cruzes",2147.95,375607.797740273,7394812.14496553,21421667.1801758,"Brás Cubas",35835,35835,113996.973465584,24557.9671001658,28756.4255598658,24751.6600205289,194154.659538027,194103.275845974,2147.95,95748311.0646237,2671.9216147516,839.919764128919,2323.8951481989
408,"Jundiapeba",23,"Mogi das Cruzes",119,"Mogi das Cruzes",2374.68,372108.426821984,7393695.9659422,23683409.8364258,"Jundiapeba",14440,14440,47561.0031513067,8684.80103221933,16277.4423731217,5881.25582088326,64941.0270516408,66206.7259883903,2374.68,30645492.7070695,2122.2640378857,644.3407555887,1976.33618905948
409,"Jardim Graziella",23,"Mogi das Cruzes",119,"Mogi das Cruzes",3985.96,372008.931932423,7401833.67721841,39752737.5275879,"Jardim Graziella",5121.00000000001,5121.00000000001,16793.9972759313,3364.94207077367,3981.28372908352,2516.08039544245,24701.7751809262,24750.7914175621,3985.96,12621704.3593969,2464.6952469043,751.560462468696,2182
410,"Itapeti",23,"Mogi das Cruzes",119,"Mogi das Cruzes",15936.9,378495.033001693,7407719.5406668,158933910.528564,"Itapeti",2996,2996,9392.0004064861,1327.57180915515,6308.77019049807,1257.43296342939,16627.7631320396,16522.073779298,15936.9,5506622.36851206,1837.99144476371,586.309852021428,1500
411,"Sabaúna",23,"Mogi das Cruzes",119,"Mogi das Cruzes",4422.81,387983.911428882,7402397.65422921,44105285.4040527,"Sabaúna",4722,4722,15365.0003910157,3021.6418125673,5266.46909604598,3333.59014380094,24486.9378599773,24606.0587214366,4422.81,14745853.199192,3122.79822092163,959.704056227307,2884.19179697777
412,"César de Souza",23,"Mogi das Cruzes",119,"Mogi das Cruzes",2932.91,383963.379227971,7398356.2394925,29248559.8452148,"César de Souza",11986,11986,36330.0002058846,7344.96809603196,11213.6938097666,8567.4884145649,54897.8477354524,55292.088326221,2932.91,39986727.2655556,3336.11941144298,1100.65309768643,3044.22003137203
413,"Taiaçupeba",23,"Mogi das Cruzes",119,"Mogi das Cruzes",34359.29,378991.226786356,7382793.19009159,342667355.931152,"Taiaçupeba",8124,8124,26705.0019604537,6349.57535593918,6169.33562768754,5157.27337748936,36468.7309706011,36468.7309706011,34359.29,30462199.5682616,3749.65528905239,1140.692654259,2884.19179697777
414,"Biritiba-Mirim",3,"Biritiba-Mirim",99,"Biritiba-Mirim",31812.79,395841.07237183,7387022.29735829,317239116.170654,"Biritiba-Mirim",9984,10574.4444444444,31476.9978137688,6825.93020460245,9192.5538910719,6170.84891930349,55225.0428882236,55133.6611702808,31812.79,23851497.4833261,2255.57925133902,757.743722080537,2000
415,"Salesópolis",29,"Salesópolis",125,"Salesópolis",42596.88,414044.738888173,7392008.00693964,424739428.001709,"Salesópolis",5233,5233,16559.0037658004,3853.91132865751,3799.58802701903,2795.7945057314,31692.6339851182,32178.2260483325,42596.88,10506022.8291444,2007.64816150285,634.459836940353,2085.99241623413
416,"Guararema",14,"Guararema",110,"Guararema",27143.95,391879.05143695,7408761.45442804,270677613.592773,"Guararema",9154,9154,28601.0034328724,6668.16505670204,10200.7280893659,7164.02192906581,46773.8294504022,46773.8294504022,27143.95,28943899.5001654,3161.8854599263,1011.98895234909,2884.19179697777
417,"Santa Paula",34,"São Caetano do Sul",130,"São Caetano do Sul",294.73,340279.88455525,7386709.30651088,2940079.06445312,"Santa Paula",16181,16181,43769.0017169573,11337.4341419179,24229.1206885021,13022.8048004832,111087.510940588,110766.351872404,294.73,70658447.8291824,4366.75408375146,1614.34908399584,3213.12736868523
418,"Vila Gerti",34,"São Caetano do Sul",130,"São Caetano do Sul",380.18,341279.056140873,7385639.76804295,3792565.26733398,"Vila Gerti",17887,17887,50488.0080380292,16391.5406077463,14177.8986948873,13155.1409654091,92138.4102390246,91971.8945493888,380.18,61177421.7907312,3420.21701742781,1211.72183589914,2800
419,"Estrada das Lágrimas",34,"São Caetano do Sul",130,"São Caetano do Sul",360.05,339591.550727262,7384760.10207745,3591786.37011719,"Estrada das Lágrimas",12922,12922,37410.9984207643,17107.5061700509,17914.931514802,8103.16882634415,95037.2770305227,94896.2860367402,360.05,46663334.8402035,3611.15422072462,1247.31594477585,3213.12736868523
420,"Santo Antônio",34,"São Caetano do Sul",130,"São Caetano do Sul",133.88,338949.878451462,7386660.3254957,1335542.50219727,"Santo Antônio",1527,1527,4460.00098634408,600.466330999402,9105.88989289416,891.859323285258,19182.2253904779,19202.2400858538,133.88,5812308.67534261,3806.35800611828,1303.20793496215,2884.19179697777
421,"São Caetano do Sul",34,"São Caetano do Sul",130,"São Caetano do Sul",367.7,340357.073107123,7388027.77367527,3667993.50537109,"São Caetano do Sul",5083,5083,14828.0016439038,10062.5833430655,39405.7215087101,3874.86938004186,79322.4250899336,79502.2135890004,367.7,19832577.8106188,3901.74656907709,1337.50847126272,3000
422,"Santo André",32,"Santo André",128,"Santo André",795.2,344098.165805606,7382942.7738021,7932487.99853516,"Santo André",21667,21667,55759.0000590838,56298.3786864929,82692.3890805597,23294.4862635531,335586.329429319,336063.652795209,795.2,143186764.216417,6608.5182174005,2567.95789136627,5000
423,"Vila Gilda",32,"Santo André",128,"Santo André",291.6,342406.615564023,7380895.3493441,2908840.98364258,"Vila Gilda",11305,11305,31450.9987819339,5900.59263145111,9690.4847572157,10045.1442319916,48981.6044569186,49039.4578569833,291.6,51534573.144792,4558.56463023371,1638.56714065293,3579.57730072334
424,"Valparaíso",32,"Santo André",128,"Santo André",246.83,342269.835862014,7382615.01189022,2462306.67602539,"Valparaíso",8297,8297,23801.9969496212,11961.3852711973,10900.5934170346,5143.76447376943,47964.7019086502,47250.6135108148,246.83,33616631.4241483,4051.6610129141,1412.34500177866,3500
425,"Sacadura Cabral",32,"Santo André",128,"Santo André",179.89,341205.584528246,7383406.94569269,1794496.06518555,"Sacadura Cabral",8753,8753,26843.0016669724,2339.24946280358,6880.91736941059,3422.84040334428,37228.9870526369,37228.9870526369,179.89,23615648.9753085,2698.00628073901,879.769307035628,2323.8951481989
426,"Campestre",32,"Santo André",128,"Santo André",287.09,342310.410221259,7384899.62155909,2863848.76416016,"Campestre",7219,7219,19641.9993166164,13087.0992381513,16189.8734314522,7486.72229597376,50356.4589342674,50159.158825582,287.09,38107934.7724448,5278.83845026248,1940.12504318778,5000
427,"Utinga",32,"Santo André",128,"Santo André",566.15,343408.785200653,7386642.2182986,5647602.68969727,"Utinga",14883,14883,41926.0114628543,8752.09335853511,16510.5320070901,9780.99434427707,72337.751842647,72371.2106940942,566.15,57873097.7672875,3888.53710725577,1380.36258990584,3579.57730072334
428,"Vila Lucinda",32,"Santo André",128,"Santo André",457.81,345384.277216678,7385984.40478463,4566793.34619141,"Vila Lucinda",18049,18259.12,51991.0049402502,14097.4048979544,12174.8305969708,13704.4140657578,90994.3412351672,90790.7446925311,457.81,57707411.4812012,3160.47057477037,1109.94991436539,2800
429,"Parque Oratório",32,"Santo André",128,"Santo André",578.55,347604.55274109,7385201.59759795,5771154.77661133,"Parque Oratório",19752,19752,59712.0153394069,9937.30380614515,16058.5307676696,20584.6018663302,100722.853004885,101046.013146437,578.55,78313053.3796209,3964.81639224488,1311.51248093846,3778.18872313733
430,"Parque das Nações",32,"Santo André",128,"Santo André",527.79,345999.353564872,7383642.55932842,5264812.46459961,"Parque das Nações",13591,13591,40869.9959980691,6185.41471115421,12528.6026507796,5081.87024689287,67808.7825946002,68141.4185390004,527.79,39747566.325042,2924.55053528379,972.53658470923,2323.8951481989
431,"Jardim do Estádio",32,"Santo André",128,"Santo André",1142.33,347170.900516203,7380726.44676054,11395002.5410156,"Jardim do Estádio",35635,35635,105757.993613343,15100.6150266182,32500.6341817153,31133.0818785461,182665.047746353,182334.918240888,1142.33,118745621.17581,3332.27504351928,1122.80516222679,2800
432,"Carijós",32,"Santo André",128,"Santo André",914.11,344590.715594397,7379493.51759228,9118643.10839844,"Carijós",37829,37829,111442.014359298,17294.6831224319,35763.6211241084,32187.4771727288,182025.662590077,182380.659179422,914.11,150000333.597702,3965.2206930583,1345.99445693874,3213.12736868523
433,"Parque do Pedroso",32,"Santo André",128,"Santo André",3164.82,348160.894779065,7374334.74069117,31569914.46875,"Parque do Pedroso",36762,36762,117905.025432491,15823.1841794202,19947.9251917238,17818.6615554959,140093.343935822,139038.788280581,3164.82,103122581.467757,2805.14067427661,874.624139976136,2500
434,"Paranapiacaba",32,"Santo André",128,"Santo André",8465.27,360649.696179481,7370025.67478062,84436222.2231445,"Paranapiacaba",897,912.571428571428,3038.99889529046,95.7038962882483,1293.64436764016,506.439458726562,6371.26432043793,6225.7532083884,8465.27,1869049.87084716,2048.11350906859,615.021569683237,1970.44082355388
435,"Capuava",22,"Mauá",118,"Mauá",1957.14,349395.28837531,7380777.14593515,19522631.3798828,"Capuava",11895,11895,34163.996504184,4850.58625433006,32783.9815275037,10102.560161512,76102.227051654,76230.8058219719,1957.14,38253040.6223003,3215.89244407737,1119.68869384516,3044.22003137203
436,"Mauá",22,"Mauá",118,"Mauá",1131.35,351798.047814801,7380331.95963925,11285129.1171875,"Mauá",44489.0000000001,44489.0000000001,127883.022147449,44339.691579468,57134.1068533194,30161.7541035296,262716.737043529,262833.073467418,1131.35,132804494.328522,2985.1085510693,1038.48417169402,2732.57590976586
437,"Jardim Zaíra",22,"Mauá",118,"Mauá",1240.23,352676.765964765,7383557.1339597,12371060.744873,"Jardim Zaíra",53568.9999999999,53568.9999999999,167856.053857747,28929.0289733796,37171.0001393643,25112.2677998598,231013.336212684,233322.465369987,1240.23,128135409.510542,2391.96941347687,763.36483889424,2100
438,"Barão de Mauá",22,"Mauá",118,"Mauá",604.52,354659.853145541,7381405.92448383,6029935.96777344,"Barão de Mauá",31777,31777,95760.9739267037,21289.2681612683,20361.905968866,18765.1136582039,123248.606575041,122392.63780511,604.52,73849332.8406093,2323.98693522388,771.184020090837,2000
439,"Estrada do Carneiro",22,"Mauá",118,"Mauá",1268.48,356798.924003357,7384127.4632781,12652390.4975586,"Estrada do Carneiro",8015.99999999999,8015.99999999999,25271.998899548,493.900259210526,2891.83154276344,5468.22463736702,26567.1783333572,26490.6334236637,1268.48,22267528.1788568,2777.88525185339,881.114638670512,2730
440,"Ribeirão Pires",27,"Ribeirão Pires",123,"Ribeirão Pires",5256.82,354204.133555908,7375691.59370205,52435670.0324707,"Ribeirão Pires",26817,26817,81235.0196089104,20737.6259951044,32150.2368706879,14918.5505187546,176417.909586026,176394.60643446,5256.82,79610246.5609562,2968.64849017251,979.999105610162,2400
441,"Jardim Santa Luzia",27,"Ribeirão Pires",123,"Ribeirão Pires",2519.74,358804.959327706,7382320.40275704,25132770.2919922,"Jardim Santa Luzia",7391,7391,22824.0018776459,3356.39440257831,3383.63958709892,5910.55334053105,26522.9695535496,26892.1758617674,2519.74,22185618.9299281,3001.7073372924,972.030192113548,2452.83554594684
442,"Ouro Fino Paulista",27,"Ribeirão Pires",123,"Ribeirão Pires",2156.26,361739.303605142,7379408.7893417,21506949.3713379,"Ouro Fino Paulista",4443,4443,13727.9979968186,1742.28316316645,3680.35418398122,3533.06653799824,18231.9095952864,18621.508008149,2156.26,13400698.0829919,3016.13731329999,976.158219581429,3044.22003137203
443,"Parque Sete Pontes",28,"Rio Grande da Serra",124,"Rio Grande da Serra",1886.11,360973.087919001,7375565.05051581,18812673.1608887,"Parque Sete Pontes",4249,4249,12912.9999951416,2174.24582591542,2848.50898900113,1920.61764266646,14437.8835514825,14478.9912493019,1886.11,11438520.3954389,2692.04998715907,885.814326627624,2323.8951481989
444,"Rio Grande da Serra",28,"Rio Grande da Serra",124,"Rio Grande da Serra",1756.13,357766.460433181,7372577.28880921,17516656.1335449,"Rio Grande da Serra",11981,11981,35591.9918584888,10535.1154931822,5630.93956586781,4316.68606864107,47290.7424277176,47464.9032418614,1756.13,29807495.2312924,2487.89710635943,837.477580625576,2323.8951481989
445,"Planalto",33,"São Bernardo do Campo",129,"São Bernardo do Campo",1109.34,339559.705516611,7377952.48673935,11066596.9780273,"Planalto",32864,32864,95481.968277804,26073.9921418643,37657.7929211667,30433.613702319,177985.937086999,177778.063264133,1109.34,130355293.250611,3966.50721916416,1365.2346678835,3778.18872313733
446,"Paulicéia",33,"São Bernardo do Campo",129,"São Bernardo do Campo",805.47,337769.117944274,7382282.52245431,8035355.61254883,"Paulicéia",19333,19333,54987.9900154605,11305.7246886554,36775.8761688457,16729.6556961521,117564.427376846,117276.452265979,805.47,75528278.0014552,3906.70242597916,1373.5413493059,3579.57730072334
447,"Rudge Ramos",33,"São Bernardo do Campo",129,"São Bernardo do Campo",470.61,340060.040240298,7382604.73379387,4694680.75952148,"Rudge Ramos",16925,16925,44473.9928505335,24166.016539696,25063.8363609662,16987.5343251948,104526.951578698,105037.191514096,470.61,89512704.2516062,5288.78607099594,2012.69772544231,4689.11901259924
448,"Baeta Neves",33,"São Bernardo do Campo",129,"São Bernardo do Campo",535.87,341563.999650551,7379844.67038456,5345669.57055664,"Baeta Neves",17233,17233,45474.0111432602,23772.1965967507,31486.5395243857,15799.1807596439,138770.064773672,139749.863252864,535.87,88387695.1035223,5128.9789997982,1943.69691349787,4209.08262865571
449,"São Bernardo do Campo",33,"São Bernardo do Campo",129,"São Bernardo do Campo",742.96,341984.018277999,7377363.2603183,7411491.89697266,"São Bernardo do Campo",25516,25516,67205.0145666779,34750.7821765575,71660.5811976943,27567.9118847085,252675.726150264,252354.379319794,742.96,129944390.939827,5092.6630717913,1933.55200914214,4442.62190374453
450,"Montanhão",33,"São Bernardo do Campo",129,"São Bernardo do Campo",1054.93,344005.789716514,7375564.77404518,10523552.3740234,"Montanhão",56185.9999999999,56185.9999999999,172259.991250676,26091.9815541079,42536.1672576879,32373.9605530394,250264.280748748,249937.7366395,1054.93,185116467.851577,3294.70807410346,1074.63414172703,2750
451,"Demarchi",33,"São Bernardo do Campo",129,"São Bernardo do Campo",1059.42,340837.154639694,7374070.76005414,10568565.28125,"Demarchi",34615,34615,102171.002180274,21347.756710583,40123.6723891275,24785.8126393185,165815.990011652,166085.247518634,1059.42,125374171.240918,3621.9607465237,1227.10131608285,3044.22003137203
452,"Riacho Grande",33,"São Bernardo do Campo",129,"São Bernardo do Campo",3065.46,342482.078583739,7371238.02344342,30580266.7150879,"Riacho Grande",14345,14345,47136.994765321,9892.2906944449,11361.4073495242,10566.9695619059,61053.2360907159,60988.6880842905,3065.46,40469113.047959,2821.13022293196,858.542494052516,2588.93015036554
453,"Caminho do Mar",33,"São Bernardo do Campo",129,"São Bernardo do Campo",28151.71,343117.308832284,7361564.36358555,280836998.864258,"Caminho do Mar",9714,9714,30619.9893178593,4584.14065497864,6289.37968222738,8687.23688241205,34445.2815056745,34557.0088442202,28151.71,31201670.7515594,3212.03116651837,1018.99678761027,2884.19179697777
454,"Reservatório Billings",33,"São Bernardo do Campo",129,"São Bernardo do Campo",4043.04,335967.007137401,7372138.86730105,40334371.8059082,"Reservatório Billings",45432.9999999999,45432.9999999999,142928.97888633,19884.8744283378,47129.2248087851,30590.5253203014,225931.12936624,225343.509681418,4043.04,138996066.852424,3059.36360910405,972.483452519216,2588.93015036554
455,"Diadema",8,"Diadema",104,"Diadema",493.35,334625.917133769,7379572.33006893,4921768.34399414,"Diadema",20135,20135,57426.0042316006,31916.6703216481,45430.5073134221,10072.8597252739,178702.226460596,179317.746669164,493.35,73380828.000014,3644.44142041291,1277.83273417505,2884.19179697777
456,"Jardim das Nações",8,"Diadema",104,"Diadema",591.18,335610.889271252,7381116.66815565,5897702.76416016,"Jardim das Nações",33239,33239,99606.0127136203,19545.6314643453,31947.7651448853,19279.7577116526,166649.394692254,167040.004217681,591.18,88318169.9924114,2657.06459256931,886.675087038542,2323.8951481989
457,"Piraporinha",8,"Diadema",104,"Diadema",763.86,337621.407401957,7379045.51704506,7620249.89746094,"Piraporinha",35119,35119,107954.982671235,21289.0664430484,50648.7173821677,16803.7471801353,183740.30038433,183801.578094031,763.86,105419146.565124,3001.76959950806,976.510244887596,2925.0604268284
458,"Vila Conceição",8,"Diadema",104,"Diadema",371.2,335601.964501877,7378078.8709322,3703202.57739258,"Vila Conceição",20364,20364,61243.0088131422,7560.32446035455,19426.9122950532,8688.90315104401,92108.3117912611,92298.8567109192,371.2,63239858.8783239,3105.47332932253,1032.60535535206,3044.22003137203
459,"Eldorado",8,"Diadema",104,"Diadema",866.88,334825.560089764,7375339.25374499,8648194.51806641,"Eldorado",24324,24324,74517.0138805349,19417.4262613959,13100.7200429577,7526.7221189186,83883.1009499083,82583.5563473455,866.88,60550284.9684074,2489.32268411476,812.569932894536,2452.83554594684
460,"Taboão da Serra",38,"Taboão da Serra",133,"Taboão da Serra",526.97,319825.394095355,7388048.87024022,5257789.90844727,"Taboão da Serra",20200,20677.5652173913,59134.9870105322,23165.9772896675,33351.0178005752,18625.137107726,124323.130588301,124760.284332594,526.97,79546058.8114842,3846.97414686814,1345.16067108152,3213.12736868523
461,"Jardim Irapuã",38,"Taboão da Serra",133,"Taboão da Serra",406.71,318403.073344619,7386956.71634821,4057921.17724609,"Jardim Irapuã",15849,15849,48078.9994168165,8021.77986743439,14888.904629725,9629.75909648357,78318.2798328218,77725.6921796399,406.71,52350165.3761051,3303.05794536596,1088.83641529767,3213.12736868523
462,"Parque Pinheiros",38,"Taboão da Serra",133,"Taboão da Serra",723.48,316839.682455045,7386422.29841167,7218644.90527344,"Parque Pinheiros",31321,31321,100970.981421561,16325.5894180532,17793.1051052185,17458.1846856612,147085.052962102,148629.080718889,723.48,96682062.9675201,3086.81277633282,957.523256745082,2884.19179697777
463,"Parque Industrial",38,"Taboão da Serra",133,"Taboão da Serra",386.21,316106.172625311,7384879.5373815,3853528.74536133,"Parque Industrial",20619,20619,66834.0027270794,18521.0943857915,18392.1958479416,9732.16384751378,117018.680181799,114542.661117095,386.21,55117611.8674698,2673.14670291817,824.694161930504,2588.93015036554
464,"Santo Eduardo",9,"Embu das Artes",105,"Embu das Artes",318.72,316306.746575463,7383020.06916548,3180123.06103516,"Santo Eduardo",23135,23135,72697.9861750406,17328.0131173644,16506.7267537079,13400.5448799601,116761.541538008,115711.382715887,318.72,63901637.2516608,2762.11961321205,879.001477397184,2170
465,"São Marcos",9,"Embu das Artes",105,"Embu das Artes",1868.03,314307.430451591,7381773.50948536,18639156.1628418,"São Marcos",35640,37367.4333333333,116026.026532523,27076.8919478553,16161.8592397123,28796.8895098397,186860.247579703,186180.034370801,1868.03,108744245.638664,2910.1341981029,937.240108004405,2732.57590976586
466,"Embu das Artes",9,"Embu das Artes",105,"Embu das Artes",1469.34,312454.023350305,7383952.35709114,14661236.9211426,"Embu das Artes",17536,17536,55726.0059289126,20376.5598597877,38482.808227843,7963.25246603712,137720.793685469,137821.181807519,1469.34,42942785.9468051,2448.83587744099,770.605846067373,2400
467,"Ressaca",9,"Embu das Artes",105,"Embu das Artes",3398.73,308428.772731849,7383593.9322359,33914063.8823242,"Ressaca",6294,6294,19596.9965476514,3940.12330791825,10786.9324626662,5089.43837706844,32978.8204690208,33095.0448742362,3398.73,20279736.9519548,3222.07450777801,1034.83903273868,3213.12736868523
468,"Itapecerica da Serra",16,"Itapecerica da Serra",112,"Itapecerica da Serra",7478.56,313559.421162224,7374881.38339917,74622027.0129395,"Itapecerica da Serra",46677,46677,152618.023210352,38791.2231591918,47801.1686947963,24690.3894039267,259992.227462669,257785.55098713,7478.56,122338719.542585,2620.96363396501,801.600734757037,2452.83554594684
469,"Jardim Petrópolis",16,"Itapecerica da Serra",112,"Itapecerica da Serra",4132.43,308843.881930979,7370258.90277872,41236024.7253418,"Jardim Petrópolis",1764,1764,5258.0013365157,793.056220912399,1352.71694499105,1696.44746715049,6658.06973015377,6702.08071157987,4132.43,4401441.92055875,2495.14848104237,837.094104558641,2201.73287554739
470,"Embu-Mirim",16,"Itapecerica da Serra",112,"Itapecerica da Serra",3509.86,306155.851688509,7374961.23128832,35024277.6203613,"Embu-Mirim",2435,2435,7934.00118489523,812.269441753769,4993.99544506391,1339.27175046346,15227.3002778391,15174.0372759076,3509.86,5898675.17012556,2422.45386863473,743.467896293672,2500
471,"São Lourenço da Serra",35,"São Lourenço da Serra",131,"São Lourenço da Serra",18674.34,302824.006433068,7360771.85052054,186357975.311279,"São Lourenço da Serra",5084,5213.03846153846,15204.9985835794,2875.87203771781,5366.74872977181,3893.34730962018,20143.052354106,20250.7985609509,18674.34,15824363.3031455,3035.53549813546,1040.73428327938,2588.93015036554
472,"Embu-Guaçu",10,"Embu-Guaçu",106,"Embu-Guaçu",7756.92,313548.347139598,7364777.59883629,77400791.9814453,"Embu-Guaçu",12720,12720,39957.9996022865,10818.7012670448,14009.4295295772,9885.22853281837,71736.9531609699,71277.5997036162,7756.92,32272528.035537,2537.14843046674,807.661253234767,2588.93015036554
473,"Cipó",10,"Embu-Guaçu",106,"Embu-Guaçu",2226.59,317904.596321289,7359950.01705344,22216887.1286621,"Cipó",6520,6520,20953.0044483197,4449.28050373972,3841.58331754102,4039.10533389241,25516.5946923359,25445.7078314106,2226.59,18221984.4803599,2794.78289576073,869.659743799711,2452.83554594684
474,"Santa Rita",10,"Embu-Guaçu",106,"Embu-Guaçu",5614.14,311958.202768189,7355397.01359081,56021149.404541,"Santa Rita",1942,1942,5950.99916507318,1411.65245498119,2293.28413084385,1614.35469880234,8766.34583174284,8837.66443204947,5614.14,3898149.88912058,2007.28624568516,655.041242821724,2323.8951481989
475,"Juquitiba",20,"Juquitiba",116,"Juquitiba",52333.22,293996.445966816,7349265.97301702,522308611.783203,"Juquitiba",9967,9967,29995.0034056191,7153.79867658892,9420.21056112467,7230.18519880986,43859.5284625257,44216.7245784891,52333.22,25624401.7499665,2570.92422493895,854.289009521039,2323.8951481989
476,"Barueri",2,"Barueri",98,"Barueri",1469.12,307868.518461179,7400098.02552763,14659270.9418945,"Barueri",27120,27120,82966.9870053022,25846.9643169685,49714.8087735951,15788.2811568111,174819.082712274,175671.612709314,1469.12,88083123.4255344,3247.90278117752,1061.66472478873,2465
477,"Aphaville",2,"Barueri",98,"Barueri",1201.4,312595.1200366,7401089.20742395,11987316.8557129,"Aphaville",15104,15580.2,46305.005134751,22530.9521744078,30825.5211525366,18565.7747376536,119521.966760518,117814.565360865,1201.4,111403824.096749,7150.34621485917,2405.87003008758,3579.57730072334
478,"Tamboré",2,"Barueri",98,"Barueri",890.13,312610.078330739,7399389.68826544,8881536.65966797,"Tamboré",0,0,0,2435.75874347103,83769.4082003593,0,127517.723852354,128634.742809695,890.13,0,0,0,0
479,"Antônio João",2,"Barueri",98,"Barueri",593.61,308733.867392865,7397646.38405319,5923187.54541016,"Antônio João",0,0,0,2267.63866532178,6748.61907123197,0,15700.2671825016,15700.2671825016,593.61,0,0,0,0
480,"Vutopoca",2,"Barueri",98,"Barueri",473.35,308829.088323128,7395413.224937,4723234.02270508,"Vutopoca",13422,13422,42050.0068261473,12734.6460669308,8529.37033598434,7267.88757236871,62026.3832084088,62098.5274912373,473.35,39258507.1048685,2924.93720048193,933.614761756874,2732.57590976586
481,"Jardim Silveira",2,"Barueri",98,"Barueri",312.03,307261.209714123,7396102.18026402,3113515.91259766,"Jardim Silveira",20640,20640,64789.997086249,20173.2969711491,19618.7143895488,13507.6552582808,107119.788827953,106986.743312139,312.03,57486864.6811155,2785.21631206955,887.279939287363,2700
482,"Jardim Belval",2,"Barueri",98,"Barueri",350.02,305828.277626429,7398207.73623986,3492636.86303711,"Jardim Belval",6354,6354,19794.0005085812,6248.96196948289,11137.8189864874,2853.64125058637,42616.1820031751,42480.5684354164,350.02,17608935.2442326,2771.31495817321,889.609719702626,2500
483,"Morada dos Lagos",2,"Barueri",98,"Barueri",1293.93,302575.172607723,7399928.10139465,12911820.0532227,"Morada dos Lagos",1086,1086,3319.00060579167,750.287038194908,5479.63276931975,1459.33605149289,12005.0801692034,12062.6999786475,1293.93,18482407.4546816,17018.7913947345,5568.66649027716,9882.97147249914
484,"Cidade Ariston",6,"Carapicuíba",102,"Carapicuíba",790.35,311331.364773975,7396151.39943969,7886143.28125,"Cidade Ariston",41987.9999999999,42793.976744186,131693.003261108,18224.6175810934,19729.9452902915,19418.1434939562,149251.787066504,149495.99098836,790.35,112181129.69317,2621.42334571444,851.838191211634,2500
485,"Carapicuíba",6,"Carapicuíba",102,"Carapicuíba",776.67,313252.259121729,7396611.86155303,7749421.40356445,"Carapicuíba",37827,38607.25,110672.997701886,36457.2447716325,26287.3701129421,23892.3016326436,194578.719734203,193315.474283801,776.67,117802790.966569,3051.31266709151,1064.42215728075,2732.57590976586
486,"Jardim Planalto",6,"Carapicuíba",102,"Carapicuíba",422.4,312807.533231022,7393422.60553663,4214699.90307617,"Jardim Planalto",21991,21991,69643.9999382581,13239.600735142,18951.7279539719,12733.9181933558,115833.735188485,115650.852547088,422.4,55342609.3993,2516.60267378928,794.65006961638,2500
487,"Aldeia de Carapicuíba",6,"Carapicuíba",102,"Carapicuíba",572.62,313249.722290565,7391879.9324386,5713517.70849609,"Aldeia de Carapicuíba",10757,11048.0740740741,33782.9901162468,4739.59394591493,7849.24636610753,7885.63168091702,42351.2383654991,42727.4942634875,572.62,47216680.6602464,4273.74765444842,1397.64658183821,3044.22003137203
488,"Estrada do Jacarandá",6,"Carapicuíba",102,"Carapicuíba",900.41,310380.589802162,7392984.11515965,8984463.69165039,"Estrada do Jacarandá",13184,13184,43647.9921995444,9916.64120179679,8532.77002950048,11039.7052993321,67579.8525683998,66768.9890395679,900.41,54382149.7921969,4124.8596626363,1245.92557530664,2323.8951481989
489,"Osasco",24,"Osasco",120,"Osasco",188.93,318173.710184083,7396657.73212209,1884998.5715332,"Osasco",1724,1724,4455.00007705366,12446.4991682168,23774.1552673557,1345.40182633144,90108.8538568434,90864.1520495036,188.93,8275927.9323412,4800.42223453666,1857.67178208772,4060
490,"Vila Yara",24,"Osasco",120,"Osasco",243.57,319663.592108403,7395550.03314711,2430168.71191406,"Vila Yara",4394,4394,11521.9985640249,15643.4145324104,26788.095504704,3349.18851526019,73794.4720982112,73664.9634895102,243.57,18761215.9476808,4269.73508140209,1628.29528605036,3900
491,"Bussocaba City",24,"Osasco",120,"Osasco",469.51,318931.082785165,7393330.50417086,4684491.58813477,"Bussocaba City",12600,12600,36899.9945476712,12134.5107802815,15880.5472442829,15748.3869457794,73308.0832751669,69545.6848936525,469.51,63178353.1793468,5014.15501423388,1712.15074565192,4000
492,"Nova Granada",24,"Osasco",120,"Osasco",546.33,317652.056419756,7395408.4460107,5450921.44165039,"Nova Granada",21334,21334,60262.009046725,21870.2868954798,35062.2427897862,19067.1843582617,159326.95987843,159429.501132671,546.33,80163795.8222163,3757.5605054006,1330.25428608031,3200
493,"Recanto das Rosas",24,"Osasco",120,"Osasco",389.45,315249.86720126,7390442.78812526,3885829.41259766,"Recanto das Rosas",9150.99999999999,9150.99999999999,31030.9977513132,3265.59101103073,5590.73560299121,6129.50957402444,35751.2136686421,35457.4405520055,389.45,26576413.8409117,2904.20870297363,856.447287125564,2700
494,"Jardim Novo Osasco",24,"Osasco",120,"Osasco",354.18,316937.639462422,7392192.68517965,3533827.58349609,"Jardim Novo Osasco",20615,20859.3333333333,63563.0134194735,8938.09505216744,8284.20225603516,15534.1424715837,86288.3239360455,84754.9369483219,354.18,76212421.3340753,3653.63648570146,1199.00579337113,2732.57590976586
495,"Jardim Veloso",24,"Osasco",120,"Osasco",678.57,315802.305168744,7393694.52934378,6770484.11669922,"Jardim Veloso",38826.9999999999,38826.9999999999,121969.003047362,24777.9717457976,24915.491840149,26068.2917869563,148756.246711864,150647.579549192,678.57,123146386.162915,3171.66884289064,1009.6531338794,2880
496,"Quitaúna",24,"Osasco",120,"Osasco",552.51,315393.454079633,7395821.4605296,5512735.0690918,"Quitaúna",23961,23961,72058.9900162442,11115.8282066496,15902.0442254879,16755.4134696725,110144.984125511,111941.086609921,552.51,87426677.9683901,3648.70739820501,1213.26538088699,3579.57730072334
497,"Jardim Piratininga",24,"Osasco",120,"Osasco",350.75,316016.982956795,7397882.17848294,3499655.21459961,"Jardim Piratininga",4242,4293.17647058824,12790.0030867532,2176.54419151882,4860.49066732005,3072.2733117547,21928.8104608546,21799.7805193055,350.75,16042609.2422018,3736.76911538735,1254.30847306185,3000
498,"Presidente Altino",24,"Osasco",120,"Osasco",247.56,319256.102097219,7397191.67642916,2469979.64453125,"Presidente Altino",4114,4114,11599.9978452197,2889.1161440013,17315.2308638001,2465.79867158537,47188.2234941125,47377.5394381524,247.56,15907839.7164108,3866.75734477656,1371.36574753471,3044.22003137203
499,"Munhoz Junior",24,"Osasco",120,"Osasco",722.7,316704.084230478,7399688.4949238,7210715.45703125,"Munhoz Junior",41453,42479.8796178902,129339.985133858,22302.2608118779,20876.3019472532,25526.1063574824,159839.833462066,160212.209806151,722.7,130734396.455648,3077.56042699776,1010.78097635736,2588.93015036554
500,"Rochdale",24,"Osasco",120,"Osasco",366.25,318596.597684579,7399207.54028083,3654147.16967773,"Rochdale",15732,16768.1904761905,49817.0124286885,9736.81110073999,16028.1296853293,7703.17840619875,78049.9028262753,77831.3196349041,366.25,44149552.2448249,2632.93480041951,886.234442662004,2588.93015036554
501,"Mutinga",24,"Osasco",120,"Osasco",442.02,320007.530350295,7398868.19907496,4410118.11499023,"Mutinga",17138,17138,51302.0039903315,18616.3106515777,14369.6587505735,12244.562128715,95810.6854264526,96262.4312801242,442.02,51494886.2331,3004.71970084607,1003.75974090222,2437
502,"Três Montanhas",24,"Osasco",120,"Osasco",957.92,317728.723384182,7402264.62181639,9557521.67700195,"Três Montanhas",6339,6595.35454545454,20742.0028801585,1993.54134630695,21946.2978689752,4181.74222525697,46045.1216961548,45940.4122864106,957.92,17947766.4204626,2721.27393558123,865.286082745232,2689
503,"Ribeirão Itaqui",19,"Jandira",115,"Jandira",356.79,304476.382170853,7397392.87855503,3560233.39892578,"Ribeirão Itaqui",2011,2011,5903.00188164196,808.664701656752,9719.55238959592,1563.39708675384,27045.2470059285,27319.3995196064,356.79,6572146.63757698,3268.09877552312,1113.35669026568,2600
504,"Jandira",19,"Jandira",115,"Jandira",680.44,305673.854349122,7395386.89028207,6789844.46777344,"Jandira",35994,35994,106308.023207332,19188.955723775,22136.4888681216,21450.6138305102,149366.084811317,149295.462919825,680.44,101369263.23245,2816.28224794272,953.542923423106,2588.93015036554
505,"Ribeirão das Pombas",19,"Jandira",115,"Jandira",712.09,307334.143362365,7393355.60774726,7105552.82983398,"Ribeirão das Pombas",2576,2596.3,7933.00074098988,1558.95582459774,1362.77472641367,4580.68234951565,10032.6646975118,9962.26804845803,712.09,30151635.2817495,11613.309433328,3800.78563789308,8964.25247532526
506,"Granja Viana",7,"Cotia",103,"Cotia",1639.63,312960.816744836,7388748.82964274,16360194.4108887,"Granja Viana",11014,11014,33260.9978806358,8730.00741268384,28529.3650252075,12516.9585229575,81391.9491251875,80306.0885239034,1639.63,63870046.5224395,5798.98733633915,1920.26850041153,5223.90246383501
507,"Fernando Nobre",7,"Cotia",103,"Cotia",1976.97,309020.56331807,7389405.44804199,19726838.7670898,"Fernando Nobre",7443,7533.03703703704,23325.0034521521,3032.61175112472,26012.6064545502,9090.85060250454,55758.0311837779,55937.2484022769,1976.97,51440319.8488142,6828.62962121412,2205.37244310968,4949.29291547114
508,"Cotia",7,"Cotia",103,"Cotia",8045.11,302500.711338613,7386938.85249699,80282034.6383057,"Cotia",43726,43726,138852.989901131,35387.8938168562,47510.9895449389,32178.7678023576,244646.836192159,245657.837235652,8045.11,119003692.089553,2721.5773702043,857.048106593086,2155
509,"Capueira",7,"Cotia",103,"Cotia",2229.93,304544.370657578,7378403.79207761,22252331.1574707,"Capueira",1700,1700,5504.99896571356,685.88847899769,1612.66475281313,856.781315830212,6891.48922367877,6926.67326554998,2229.93,3058436.1912459,1799.08011249759,555.574344390356,1976.33618905948
510,"Caucaia",7,"Cotia",103,"Cotia",10265.92,299396.206099343,7374660.90889149,102448481.516113,"Caucaia",0,0,0,0,52.0886142173913,0,0,0,10265.92,0,0,0,0
511,"Caucaia do Alto",7,"Cotia",103,"Cotia",8316.36,292789.823614185,7377814.74863831,82998056.418335,"Caucaia do Alto",10831,10831,36115.9906649669,7604.45660041809,11172.7626402589,6609.36728572628,57757.8110460774,57516.9599415602,8316.36,27181318.560863,2509.58531630164,752.611739575771,2452.83554594684
512,"Vargem Grande Paulista",39,"Vargem Grande Paulista",134,"Vargem Grande Paulista",4257.94,294481.541091493,7386308.0189601,42493313.0378418,"Vargem Grande Paulista",15763,15763,50556.9900248293,11762.1372660031,17806.6444337529,12278.4237677971,96142.5583548176,96244.7428961396,4257.94,45734009.6473809,2901.35187764898,904.603094941376,2732.57590976586
513,"Quatro Encruzilhadas",17,"Itapevi",113,"Itapevi",2101.43,296718.125022396,7391240.59419516,20971235.1591797,"Quatro Encruzilhadas",1200,1200,3587.00081062096,50.9152878032787,534.285673750124,1364.39326855785,2968.1007372642,2916.32390800592,2101.43,9410845.03880248,7842.37086566873,2623.5971318817,4000
514,"Itapevi",17,"Itapevi",113,"Itapevi",1070.03,303338.596745906,7394760.74423383,10677580.8093262,"Itapevi",33436,33436,104625.996713075,21137.0292863681,26504.8076663953,16058.9150954844,156888.742863502,158308.601564704,1070.03,90590623.1483069,2709.37382307414,865.851948791861,2323.8951481989
515,"Amador Bueno",17,"Itapevi",113,"Itapevi",5113.23,299315.724594934,7395169.70578751,51025743.1455078,"Amador Bueno",38079,38079,120821.008205685,26727.3041028257,25161.9536005194,21339.3678493003,154950.317497673,154298.34655242,5113.23,96733334.883586,2540.33285757467,800.633402420445,2380
516,"Santana de Parnaíba",31,"Santana de Parnaíba",127,"Santana de Parnaíba",18034.76,304218.046780572,7405430.75222951,179960499.065063,"Santana de Parnaíba",41864,41864,131607.978848627,32126.3525955968,48247.7309044812,42320.33676068,213606.752452361,214741.58550513,18034.76,251667984.106764,6011.56086629954,1912.25476075602,4209.08262865571
517,"Pirapora do Bom Jesus",25,"Pirapora do Bom Jesus",121,"Pirapora do Bom Jesus",10876.89,297152.258479642,7413208.8776436,108541592.061035,"Pirapora do Bom Jesus",5614,5614,18107.0033038003,3417.08434942533,5142.68978663092,2857.93890307219,22919.9068570587,22927.234438796,10876.89,13815742.6039094,2460.94453222468,763.005472087681,2000
